text,label
A guy that size could very easily kill a petite woman with a direct punch,fear
what are you scared of!,fear
"Come on, at least give me one other comment not from this thread. Show me that you are at least interested in providing an argument.",sad
You cant love this girl if she already has a GF whom she sounds like she loves. You'll just ruin a relationship,sad
By taking it as a nonserious game you don't need in order to enjoy and have fun with it.,angry
Heart breaking* sorry haha,sad
H-how did I not notice that?! I was looking at some of those shoes yesterday,fear
Degloved finger...*ouch*. One of the worst types of avulsions.,angry
Ah got it. Sounds like most CW shows (Smallville)..thanks for the heads up :),love
Just the name of it gives me anxiety,fear
Yeah that happened to me twice a month for years with an ex. Maybe someday we’ll do it 😅,happy
Communism advocates a stateless society. They just got kicked in the head into believing Private Property is bad.,angry
"I work from home and live with my daughters. It's so serene, but also a lot of fun because we have great times together.",calm
Im not going to swear,angry
Goodbye cruel world.,angry
Am I the only one that likes the original better? It was cuter,love
ELABORATE plz!!!!,love
That hop/shuffle is scary,fear
I fell like you're being willfully ignorant of reality.,angry
I laughed harder than I should have at this reply. Then the sadness hit me when I realized it wasn't meant to be funny.,happy
"Seriously this ""tastes"" avalanche is gold I'm cracking up",calm
Will do tonight!,happy
"By not using Facebook as a barometer of success. Look at Facebook as a highlight reel and not what people are actually living,",calm
I told you you’re right it’s silly anyone would care about foreign intelligence attempting to influence elections. What a silly joke.,happy
"Maybe crotch-thrusting ""power pose"" on top of the White Cliffs will scare them all away?",fear
No that's your interpretation of the truth. A whore is an old and demeaning term for a professional sex worker. You just get off on being degrading to women.,angry
Attempts [NAME] rant -> Proceeds to attack all of East-Asia,angry
I meant the first part. The second part was uncalled for.,calm
Those are some nice guns,love
I was trying to make a friend that was being a douche jealous by telling him I was having a 3 some. Accidentally messaged it to my father.,sad
Why am I seeing this everywhere now? This wasn't in my vocabulary last week.,calm
"Downtown is inconvenient, look like you've gone full county, enjoy your strip mall",happy
"Someone had to ""strongly reccomend"" that he didnt take another shot at that..... The stupid is incredibly strong with this one.",angry
"Oh, no wonder I like her so much!",love
Oh hey that's pretty cool!,love
Sleep tight [NAME]!,love
Wow yeah similar to my story what a nightmare :(,fear
"I always described it as, “the trashiest bar in Detroit”",calm
"Yeah having a camp invetory was something i already wished they add to the game, the crafting part i did not think of..",calm
Imagine if we were that team that was just 1 piece away instead of the team that is 14. 😭,calm
Go on. I'd love to hear more about this.,love
You can see the regret in the eyes,sad
Please revise your post to include whatever your talking about. Because i have no idea what your referencing.,love
I'm just salty man. I hate playing Houston. I'm sure it's a nice place to live.,angry
>but part of the whole inequality picture is women receiving lower pay for the same jobs. Honestly? Doesn't happen.,fear
I know I am very worried,fear
It makes me super fucking nervous edit: was able to buy temple at +1 fuck it lets ride,angry
I'm afraid of having a sit down with them amd not being heard. But I might have to for my safety.,fear
Wow. Have that much debit in your bovada account is something crazy. Props to you,happy
You just going into the posse menu and buy the persistent posse. It costs $200. Good luck ❤️,love
Hahah you right. Please don't tell any birds!,happy
What do you mean by gaps?,calm
Chogochujang is a fuckin drug. I've convinced myself that I'll take a bottle to wherever I travel in case the food doesnt fit my taste,angry
"she always acts like the older sister who’s copping out of babysitting, it’s ridiculous.",angry
"Ugh. Nice season from him, hoping he can build on it next year and play a bigger role at the world juniors.",happy
Sorry. But I think I DO have a right to an opinion broseph...,sad
"[NAME] was 1,003 pounds at his heaviest.",calm
"Oh, give me a break, it was worded like an insult, clear as a day. A mild one, but still.",angry
Access should be hindered it's getting destroyed.,angry
Ok that was a rude way to send him off. Can I have hot doctors again,fear
"When you live where it's this cold, incessant complaining is a national pass time.",angry
Damn that is sexy,love
"Don't worry, when you turn 20 you'll look back and cringe, too.",fear
Divine ruler [NAME],calm
There are no helpful ideas like the one you're looking for. There is only one idea... Tell your parents and get authorities involved.,angry
"I find that telling the truth as much as possible makes things less complicated. I've learned to spin the truth when needed, though.",calm
I want to get off [NAME] wild ride,fear
I totally agree and I think this was suggested before as well,calm
Federal employee here. My amazing tenant offered to pay two months in advance to help with my cash flow.,love
a lost art,sad
Take your pick bro.,calm
I’m scared.,fear
Instagram is the only one to blame for all this evil,calm
"""Family is forever""? Weird, I thought humans age and die relatively quickly.",happy
"I like you. You're smart, cheeky, and funny. Well played.",love
Well you needn't worry about it I won't be coming back to that floating turd you call a country,fear
I lowkey hope I'd find this in the comments somewhere Was not disappointed,calm
Gaaahhh. That one would hurt.,sad
He’s close. Flip [NAME] to fish for [NAME] Then go out and get [NAME],calm
What is scary?,fear
"I already told you, food poisoning or allergic foods. The real greedy snake oil salesmen are big pharma.",angry
You fucked up. You trusted them.,angry
We'd never lose again with him giving the crazy eyes to anybody who makes a mistake.,happy
Thank you.. Yeah if she just want to talk she is definitely wasting my time.,love
You're going to have to make that simpler for my tiny brain to understand,calm
My dad loves playing sport......the sport of slam dunking my arse for a touchdown,love
I like your rant.,love
"Just wait until you're 36 and in a solid career so you can marry a used-up foid who only wants you for your betabux, bro.",happy
[NAME]? Is that you?,happy
Reporters shouldn’t be afraid of governments - governments should be afraid of reporters.,fear
Prolonged eye contact.,calm
Worst ending ever! I won't spoil it but this one sucked worse than the avengers last movie!,angry
How is it racist? I fail to see how.,angry
Good for you,love
fellow trans guy with an nmom. i know what youre going through. it absolutely sucks. im sorry man. my PMs are open.,sad
For those of us that need a little pain with our pleasure.,calm
Gang beast is really only fun with friends,happy
"Yes, at home recuperating from a fractured ankle.",angry
"He's ancient. If elected, he'll be 79 in 2020. I like him but that worries me.",fear
You seem horrible,fear
Wow... Hope you ok and good luck,happy
"Well what's that old saying, those who can do, do. Those who can't teach.",fear
"On the bright side, anyone dumb enough to do this would quickly be buried in a hail of well-deserved poor reviews.",angry
My mistake. I just glanced over your last post.,sad
People who eat themselves to death are mentally ill in my opinion. Homicide is a deliberate and unlawful killing of a person by another person.,calm
There are quite a number of things we do in modern life that are not sustainable over the short term.,calm
Yeah I love my friends and my own cats on drugs. They're the perfect buddies. I love being with them when I'm tripping.,love
"In 5 days bones would not be crusted over,sorry not buying it.",sad
Dammit as a mom of boys that made me straight up tear up,angry
You can do it but it won’t be easy or fast keep watching craigslist.,angry
Then she gets on r/spacedicks and next thing you know she’s a man and wants to date other species.,calm
"Haha, actually grandpa did! Go figure",happy
"New word for me: tetch·y /ˈteCHē/ adjective bad-tempered and irritable. ""she had always been tetchy and impatient with him""",angry
"OHHHH, I like where Richmond is going with that.",love
"Glad you are resting better, and as for your friend he deserves the brownie points.",happy
Wow that’s like - sound porn.,happy
The real comedycemetery is people still posting this joke for the hundredth time,happy
Both consenting adults so nope not creepy,fear
Players like this makes me rage quit tbh.,happy
I'm really sorry you're experiencing this. You are not in the wrong. I hope you can get away from their control when possible....stay strong,sad
"Already did that, but looks like it's the end anyway. Cheers for the advice",sad
My rent was due on the 29th. I paid it on the 20th just to avoid this kind of stress!,sad
Lol thanks! I thought it was funny but apparently my humor isn’t for everyone.,angry
> IMO the actual root of people's annoyance is that she's an outspoken progressive Not entirely.,calm
"I'm more worried about him scamming children than ""oNLY"" scamming them into thinking they'll get $100.",fear
You see what I mean . This is still bullshit that people won't expect that fact the alcohol and cigarettes harm your body more than weed does,calm
I don’t understand why people give gold to crossposts. You deserve all the upvotes.,love
So the article is pretty much nonsense.,angry
"Oh weird, the money I make is taxed when I earn it and then it gets taxed when I spend it",sad
This guy doesn’t physics.,calm
I feel cheated! Lol,happy
This is the dumbest post I've read today. How's that?,calm
We just got a ninja coffee machine. Don’t even need filters! It has little waste besides the coffee grounds. I love it.,love
I just discovered her channel recently too! She's hilarious and I love watching all the diet tryouts.,love
If nothing was said and you can be engaged all day tomorrow then I wouldn’t worry.,fear
Broom him fast.,calm
Well 216 is out now and Im crying. [NAME] why?,sad
Now you move onto personal insults. Well done O king of the waffles. Once again using a word (nuance) with no context. Bored now.,angry
If they want to attack [RELIGION] they should be honest with the website title Imagine a [RELIGION] creating a website and calling it WikiChristianity and constantly attack [RELIGION].,angry
"Lol so you're too stupid to know how to argue, and stupid enough to actually use ""lol"" in a post?",happy
"Go ahead and take them panties off too, we need this OT goal.",calm
I got offered a couple of batches. They weren't 100% terrible but I feel like they could've been better so I didn't take them.,angry
Florida. I moved up here and chose the best hockey team in NY/the universe,love
Thank you so much. I will check them out as well.,love
Thank [NAME] though! Imagine someone like that with kids... yikes,love
*made an unusual amount,calm
Some of us disagree with the socially constructed sexual binary concerning how we were assigned at birth.,sad
"Please, stop",angry
Doesn't even make sense. You don't say dollars 5 so why put the dollar sign in front,angry
Yepp. I've struggled to hold a job so I'd be in trouble without it.,fear
True. I just always enjoyed the atmosphere of that place. And a couple of the sandwiches weren't bad at all.,happy
"Sorry, but [NAME] doesn’t even compare to [NAME].",sad
Fucking refs suck my balls.,angry
I'm more saying that I think the south is a joke.,happy
Nice catch.,love
Happy cake day brother!,happy
yeah it's not even a bad haircut,calm
"Yes, but you don't need it to play.",angry
Was feeling victimized that it was very cold in my apartment. Windows are drafty af!!!!,fear
"Pretty sure you could do that with a cargo ship too, so I'm not sure I buy that argument.",love
he is a very dangerous man,sad
"Oh, their theme gives me anxiety.",fear
Wow thanks. Was hoping to see more exact same moon pics for the eleventy millionth time.,love
which is the fault of the people they voted on :D,calm
Uhhh I want someone to do this for me!,happy
"This was the one post that truly frightened me about the insane left. They are a cult, and not on our side.",fear
Ok. Believe what you want. Have fun starving to death.,happy
This is weirdly funny to me,happy
"oh shoot, im sorry to hear that. was it someone close to you?",sad
[NAME] could be so valuable if we didnt rely on him to create,sad
Didn't that used to be the Northern Bank building? Never been troubled by pickpockets in Bangor but probably because I looked too poor!,sad
I do this everyday... lol,happy
The most intimidating man in football,fear
I amlooking to adopt from there! This makes me happy!,love
Happy to play then? It might hurt...,love
"Anyone else stressed out because [NAME] is not next to [NAME]... no? Ok, me neither",fear
This was 90 for 7grams,calm
What lobotomy by public schooling looks like...,happy
I was thinking it’s sad that a team that hasn’t had a FRP for what seems like a decade has a better record than us.,sad
He’s also got a girlfriend that he really seems to care about....,love
The restaurant business is pretty sleazy. There are a lot of affairs there.,love
Reminds me of [NAME] from the documentary THIN who purged food through a feeding tube in her stomach. This sounds dangerous.,fear
**KICK HIS ASS SEABASS**,angry
Sounds like you might need some time out in the re-education camp. You are getting frighteningly close to realizing that our system is designed to keep you imprisoned.,love
[NAME] vs. Being an actual coach,calm
"I love how he misses that last punch when he goes down lol. Like, thats when the liver shot really sunk in",love
It just never got weird enough..,fear
In my school we have specific councilors for the students matched alphabetically. Mine just sucks.,sad
I do enjoy my lawn. 😁,happy
"Pretty dangerous for women, too. 40% of cops are domestic abusers. Stay safe.",love
I love the burn,happy
I think I’ll go ahead and continue criticizing silly unfounded and harmful beliefs,happy
I'm 21. I've entered adulthood and I even have to face negative comments from family members. Adulthood won't save me.,fear
I disagree with all of what you just said but I am in the same booooaaaaat.,angry
Same here. It’s very hard. I really feel for you.,sad
Yet again; totally missing my point.,angry
I've got no idea who you are but thanks for trying anyway.,calm
This would be completely ludicrous. Turkey can literally just drive tanks over these guys if they want.,happy
Wow the delusion here is breathtaking.,love
"Wow your sister is in abusive relationship, cool.",angry
[NAME] came a long way since the nervous wreck he was the first year. or.. two.,calm
This could only end badly.,fear
Sad but true lol,sad
They look like rappers,fear
"ah, ok! i'm afraid i do, i just didn't realise that's what it meant (so old i am going stupid....)",fear
I am getting so nervous watching this,fear
Throwing the book to see what sticks you think?,angry
I’m still waiting for a sick dunk from [NAME],calm
You’re trash april. I’m November 2000 actually. Damn we’re old.,sad
I see One Punch Man is on quite the rampage,love
Mark it nsfw just to mess with people. Worst title I have seen all week.,angry
bigot /ˈbɪɡət/ noun a person who is intolerant towards those holding different opinions.,calm
Studid fuckin idiot,angry
I visited NYC 2 summers ago and I have the same exact feeling as you do. Glad you liked the city just as much as I did!,happy
"At this point, LSC only exists to give socialists a bad name.",angry
We just had a teacher do that at my school. I don't know who wiped the kids butts though,angry
I love the fact that he is a complicated character makes it challenging,happy
What if the meal didn’t consent to being cannibalised?,love
"As a strip club connoisseur, this is one of my biggest fears.",fear
And it’s only 100 degrees with 90% humidity.,fear
I hadn’t seen it and appreciated it!,angry
"Sorry man, I have no idea either!",sad
"Good to know my paranoia has paid off haha, and same, sooo many snacks.",happy
This makes me happy. Happy new year everyone,happy
"Hey, it's working again! Somebody at YouTube must have given the server a whack, because suddenly the recommendations are making sense. I wonder what happened today.",happy
It still amazes how many people on this show and family by the ton can do perfect splits lol,happy
Sorry I kind of took it like you were flexing on my or my opponents skill or something lmao,sad
Burn it!,angry
"The 5 days got an audible ""[NAME]"" out of me. That's terrifying.",fear
Lmaoooo how’d you miss him that close 😂 sweet justice,happy
"Where the mask inside, too? Are air purifers not good enough for inside? Sorry for the dumb question... Just moved here this week.",sad
"""Eh"" Love it.",love
I did the same thing in school. Thank [NAME] for the library. Are you anxious about how your brother and sister would react to that?,fear
[NAME] is a bitch,calm
"I run both, use my bl, next chase, dh. Even with exhausted, bl has that stagger reduction, so you can kite killers",calm
Curious about your thoughts on BC’s LNG activity.,calm
i was not prepared for this,fear
I don’t know why but this made me crack up so hard!,happy
The fact that they're flying their drone in the rain gives me anxiety.,fear
"""There's always a bigger fuckup.""",calm
I put [NAME] on over the holidays...my family hated it. Freaking love his stand up though and he's pretty widely liked. My family is weird.,love
It's in case he suffers from amnesia and forgets his name.,sad
Halfway through season one and this is where we are smdh,calm
Her question was theology actually. I wasn't even answering about the rape at all.,angry
you might be more of an optimist than me. hopefully you're right,happy
Yes no one wants to believe my religion and how to make people happy so it makes me sad,sad
"Ahhhh [NAME], you’ve done it again.",happy
I’m glad you are here. You got this.,happy
I love bang,love
"Myself preferring daytime, 2 to 2.5 hours would be more than reasonable as long as the effect to the SB is not work stressing.",love
"Oh, a little misunderstanding, my bad.",sad
"this actually made me LOL, thanks",angry
"No, their reaction was just as bad.",angry
I hate Twitter,angry
"> We're angry, but we don't want to be labelled as violent nutters.",angry
> a central bank that acts as a buffer between monetary policy and implementation. ... what?,angry
My favorite part of women being in the game is fucking destroying them. Take that femenists,angry
-_- GOOD FOR YOU.,love
">on't have kids, they will. And the DNA will Well actually it probably will, we share dna with other animals for example",calm
I live an hour from one but was afraid of driving all the way there and them telling me that I have to order one.,fear
He has really aged quickly.,happy
"Do people really use the phrase ""my kid is poorly"" to mean sick? The grammar in this post is really bothering me.",fear
"Not sure about the dates off the top of my head, but Feits is so full of shit that theres a good chance he just made this up.",calm
Grim. Thank you for the info though. I learned something today.,love
Oh no! People will be able to protect themselves!,happy
I heard some vague rumors but nothing as specific as this. Do you have a link?,angry
I would like to see the after justice of idiots like this,love
Yes. One of her fingers is getting a sore on it and there’s concern it may push her into needing braces.,fear
"Girlfriend weak as well, that jump was pathetic.",sad
Kid has a disease/condition where his skin falls off at the slightest touch,sad
lakers bout to get KAT fucked now,angry
They did the Unreal Engine store in the same way. I'm not surprised.,sad
Women have a right to their own bodies. Your comments are horribly patronizing. They indicate that women intellectually develop slower than men which is sexist.,fear
Unlubricated is the best unicorn there is :),love
I like how people are downvoting when this is how so many military coups have happened. I challenge those who downvote to prove me wrong,love
"Auch, that's gotta hurt...",sad
"Just a minute, don't hang up!",calm
That opening is quite terrible tbh,fear
China cheating the rest of the world is horrible for the economy and society.,angry
My chest tightened so quickly,fear
"Feel so bad for her, not even mad about the glove wipe-offs.",sad
Therapists hate this trick!,angry
Yeah it’s not like I want my cat to lick me in a sexual way that’s just weird.,fear
Until they find out oh she went underground 🙄,sad
"This sub no longer has much in the way of standards, sadly.",sad
"There's no such thing as ""toxic masculinity"" and it is a term used by bigots to hide their sexism.",calm
"""We're sorry, all circuits are busy now due [NAME] lost keys, try your call again""",sad
"Have nobody thought of the giant tech corporation selling overpriced, inferior products to sheep customers? That's odd.",angry
This is obviously ironic,love
I had my car window smashed and there wasn't anything in the car and nothing was taken. They don't care.,sad
"Saw this yesterday and it's way funnier with the whole joke spoiled by the /r/bestof title, for sure.",happy
This is a nononoyes in my book,happy
"I think this qualifies as r/prorevenge, honestly. Dude needs to face consequences more often, otherwise he will keep trampling over people’s boundaries.",fear
I’m going off memory for the FLDS and the show “sister wives” so I could be totally wrong.,sad
"I just watched this episode the other day. I was MORTIFIED. I like seasoned chicken, but not that kinda season no",sad
"If that's true OP, you've lived quite a sheltered existence.",sad
[NAME] combat is terrible and the only reason I don’t play it anymore,fear
My cat also thinks rugs are for pissing on.,calm
[NAME] would get jealous easily.,calm
[NAME] tattoos were specifically design to augment his physique. This guy looks like his little sister scribbled on him while he was asleep.,angry
"[NAME], like people making minimum wage are worried about 10% off at their Walmart.",fear
"That sucks man, I'm sorry. Things will get better, they always do in the end",angry
"I am only sharing what my friends said, what their experience was. I found that a bit surprising.",happy
And I never had the idea to keep anything. Too creepy. Maybe our multiple Liberator pillows....,fear
I had a similar fear last month after exceeding the two hours in a Homebase car park.,fear
And the players who are older than me are retiring and it looks like I might never play professional baseball.,sad
"I'm strange as fuck, and I didn't grow up with money.",sad
Why is this not 5x5? It hurts my eyes...,sad
"I'm glad centrists feel unwelcome in the labour party, that's how things should be.",love
Surprising you choose to believe things that aren’t true 🤔,happy
That’s an early contender for title of the year 2019. Bravo.,calm
We have seven fucking billion and more people bork every day !!,angry
Family had a little to do with it,calm
"Omg, unbelievably scary. Insane",fear
[NAME] is still trying to wrap his head around how the Browns got [NAME].,calm
카니발 sounds more like cannibal than carnival.,fear
happy cake day,happy
"So sorry, for your loss.",sad
"In da club- 50 cent, when you need that extra motivation to finish the cake in a time crunch",calm
I once was the 2001st like on a youtube comment. It felt really good to be able to constantly flip that like count between 2K and 2.1K.,love
It is a highly underappreciated movie...FOOLS,angry
[NAME] [NAME] If she doesn't scare you No evil thing will…,fear
"Yeah, so many accidents occur because people don’t know what to do in the event of loss of tire grip.",fear
"Hi u/CareeningDirigibug, thanks for posting this however I am afraid it has been removed as this video has already been posted within the last week. Hope you understand.",sad
Praise [NAME]. Hope his health issues have gotten better. Dude should be on a contender right now 😭,happy
Damn its like that tv show on Netflix called You. Stay safe and hope everything works out for you.,love
Same. And then cried a little.,sad
"Lord, he is extra sensitive. And I thought my ex was bad lol.",angry
"Morals aren't tied to religiosity, nor the absence of it.",angry
You know what? Mine is just more of the bullshit. Nothing’s changed. I finally woke up.,calm
Tried that for a year and still scrawny and look young 😂,sad
I don’t remember [NAME] saying that tbh,angry
Last couple countries that tried that got destroyed by international communists.,sad
this is amazing and you have the cutest voice i’ve ever heard :>,love
> not broken I beg to differ.,angry
Sexual frustration.,calm
"Yep. ~~(Also, I'm not interested in getting arrested so sorry.)~~",angry
"You don't get it, do you? There has already been a 51% attack attempt at BCH and the attackers lost.",angry
"I haven't seen it here yet, but I love LetterKenny. It gets funnier as the show goes on and it's on Hulu",love
Don't know why anyone would need more explanation than this video,angry
Keep working at it with your partner. I hope it all works out for you.,happy
Highgate Hill! Close to westend and has a lot of cute houses. :),calm
You are BOTH awful people.,angry
I love it. I just joined the Streetwise Facebook page to catch up on some of the kids.,love
It’s pretty cringe,fear
"Instant fucking turn off, ugh. Fuck us for wanting equality across the spectrum",angry
A fuckin men,angry
That is an exceedingly rare failure. I read an article about this guy. He was just stupid and stopped there.,angry
Those ears...those horrible ears,fear
"Oscars are trying to be more hip and contemporary now, so don't be surprised if [NAME] and [NAME] win.",happy
She is a horrible person and that is what makes her so relatable in real life.,fear
Hope he gets rich from this too!,happy
I can easily relate to that as well. The siblings are the ones who will stick with us for the whole journey to the very end.,love
This sub is becoming a “Gamers rise up” parody of itself. This is ridiculous.,happy
The reason we’re stuck in the shutdown is the democrats. Plain and simple.,angry
Fuck you for making me read this.,angry
"*""No one can make you feel inferior without your consent.""* -- [NAME]",calm
Damn have they not heard of shelters. Bro go adopt a pupper.,angry
"No, no the PTA has not disbanded!",calm
I’m surprised they find toothpaste still,happy
"Ah, alt right thinking. Afraid of people who have anything 'upstairs,' or 'between their ears.'",fear
Enjoy wes virginnie,calm
Creepy Yoda voicepack tbh,calm
TIL being a victim of racism validates being a criminal.,calm
I would of taken a shit in the woods real quick,angry
Of course. Just know that I know that you know you're a liar.,sad
You are unhinged.,calm
I bet he jerks off while holding a gun in his mouth while crying.,sad
I had a second date yesterday with such bad breath! I gave him a pass on the first date because we met online.,sad
I would see a doctor asap and get to a psychiatrist. Hallucinations of any kind are worrisome.,fear
They are worth the time it takes to write them. Thank you for returning!,love
*Hey just noticed..* it's your **4th Cakeday** notasci! ^(hug),happy
"I'm interested, more than I should be.",happy
I doubt groot arms are on the list of MLB approved bats. It's politics,fear
One of my favorite shows of all time.,love
Shoutout to my fellow retail workers stuck working on third shift during New Years,angry
I met my partner online. It was romantic interest right away. No friendship period for us.,happy
"I don’t understand your question, why are you nervous if you are happy with the arrangement and he seems interested?",fear
I died a little inside watching all of that champagne go to waste.,fear
Forever this.,calm
"I second that. What goes up must come down. And to OP, i hope you find peace and clarity. Good luck!",happy
Nice one comrade,love
My grandpa does drive this way.,calm
NEXT TIME! ON THE CURSE OF OAK ISLAND!,fear
Beyond nightmare!!,fear
It's practically non existent. Im mostly afraid to initiate a hug because I'm afraid I don't know/forgot how to hug.,fear
"My first thought was, ""What is a [NAME]?"" Then I realized I was being dumb.",calm
"Close the door, you're letting the heat out!",angry
"The Rockets, too. This month will be a horror show.",fear
"I had a panic attack when I saw that, thinking that I slept for 3 years and Hall was a Duck.",fear
>Dogger Expected something waaaaay different.,calm
Raise them early in the way of the Braves! Congratulations!,love
"Psst, your spoiler tag is busted. Don't leave spaces between the ! and your text.",angry
Poor wee thing is probably terrified somewhere.,fear
"She's cute but she's got that crazy look, the type of girl that would cut your d*ck off. 😬",love
Glad I could help but it's not mine. I'm just passing it on.,sad
"I don't think it's age related, we all forget how much newborns suck. If we didn't we'd stop having babies.",happy
Knife Fight used to be an awesome cooking comp show,love
As high as ~72% in black families. Truly heartbreaking what the expansion of the welfare state has done to the black family.,sad
Give the mouse a chance!.leave the cat to it.,love
And religion isn't displayed on uber page. She saw a brown person and refused to interact with them solely based on race. She's a racist.,angry
"So just tell me I dont want to go look, was the video cut/edited? Or is it RAW? I MUST KNOW!",angry
"Yeah, I don't think I'd get along with /u/77096, either.",calm
"Then who is it? I've mixed results with all fighters, but I definitely lose to [NAME] the most.",sad
Evil spirit! Leave from this place and never return!!,calm
Y'all i have option one. Lemme tell you. Sex is important. I miss it,sad
Me and my brother were both born and raised in SC but both our parents are from MI. So we were raised fans from the beginning,happy
Taking a 2-0 in any WTA match is asking for a heart attack. Not necessarily bad though.,calm
"Is pleading the 5th even legal? I mean, people should be forced to defend themselves even from erroneous claims.",angry
"Somewhat valid question, if he was 11 when the game came out then he can shut up yeah.",angry
I'm also a human being but I can't think of any reason why I would physically hurt a woman.,angry
"I was thinking 1-2 in each eye might stop the threat, but if I'm being honest I'd be worried about the ensuing legal struggle...",sad
That is absolutely terrifying to me. Oh my god. The idea that she was trapped as a toddler her entire life is just... wow.,fear
"No sure what’s going on here, but [NAME] was one of my absolute favorites growing up",love
Please don't promote your channel,angry
"thanks, it’s been so much better",love
"I'm glad you have your kids, but have you seen Brooklyn 99 like the op stated? It's worth living for too.",happy
I've been waiting to watch [NAME] die for a long long time. Sure hope that one is right.,love
"Don't be, this is funny. I love it when [NAME] shows his emotions.",happy
I'd say the guy who was going beat [NAME] face in is the worst character on the show.,angry
"Fair to say I won't have to pay pipebomb 10ETH. Happy New year, all!",happy
The one that is a sentient being; the one that's most affected.,angry
I just bought myself a Bears pullover starter jacket. 8th grade me would be jealous!!,fear
"I love every bulge, scar, stretch mark and jiggle. Every single one tells a story I want to hear.",happy
Levels mate. Absolutely obsessed with our dominance.,calm
"My first thought was how bloody your hands are when your downed, You turned Blood and Gore off. Good man",love
That was brilliant 😂,love
Only good ones.,calm
This is dangerous.,fear
"I got you dude! I use it a ton, Glad I could make it worth it for you!!",love
I’m more worried about the dude getting pissed all over my shoes,fear
"Thank you OP, I love you (no homo if you’re a male).",love
Conversion to make gay people straight. It's horrifying,fear
"Another reason to instantly kill people who constantly use the word ""awesome"" for everything. This is just brainless mediocrity at its best.",angry
Contacted the hospital I was born at and I’m getting my birth certificate! Thanks for all the help this was a big step forward,love
Cant wait to see it buddy!,happy
Amen to that!,calm
Plus corporations are universally unethical,angry
Cancer is even scarier my friend. Let's just hug it out,fear
But he did...at the end of last year and this season.... And I’ll take Mayfields word over speculation,calm
but I love your username,love
I'm 25 and I still don't have a license. I'm terrified of driving and get anxiety every time I'm behind the wheel.,fear
I graduated in 2002 and had history books that ended with [NAME] 2nd term. I had great teachers but terrible materials.,fear
Know it’s late but got one extra ticket for anyone who wants it. Dm ASAP! EDIT SOLD,calm
"Till Valhalla brother, you will be missed.",sad
It's nice that we've started giving our backups some time; this gives them trade value when they demonstrate that they can play ball.,calm
So angry. PMS?,angry
That was at Nats Park. I remember that poor guy.,calm
Debs a bitch,angry
Oh. My. [NAME]. I can’t handle this,sad
It was totally worth it.,love
Yeah this whole thread is gross. Calling a little kid trashy or misogynistic or sexualized for liking to play dress up is just creepy and weird.,angry
She was also on grey’s already as [NAME] friend when she was in chemo! She got the experimental treatment and died,calm
"But that makes even less sense. The government is having a hard time collecting taxes, therefore people are poor?",angry
It seems like good advice.,love
[NAME] should be used to getting booed by Yankee fans though.,sad
"No, I'm saying they are equally critical.",sad
PS4 but thank you anyway,love
"Haha I’m not expecting anything at considering they’re 2,000 miles away from me. I’ll be surprised if she does give me numbers,",happy
"That's what I can't understand either, what were they expecting by knocking on the door?",fear
"Shit like this is just depressing. Not surprising, but still depressing.",fear
Not sure why you got downvoted so hard when everybody above is saying the same thing.,angry
"Yeah, that's what we call it too. Have you been to Madina Masjid in Toronto?",calm
"i wasn't quite sure how waivers worked either, had to look it up earlier :/ not everyone knows everything.",sad
I don't know any but my own I'm afraid.,fear
Haha that literally made me laugh out loud OMG I'm still dying. Take this upvote man. Well deserved,happy
"I don’t really have much to say. There’s a bad idea, and there’s straight up disgusting.",angry
"I thought it was something about the dog not smelling your drugs, but now i'm just sad that you didn't get to pet it :(",sad
1 is the lie. I'm cheating because I remember this convo from last week.,fear
"I have almost 5 months now. If I can do it, anyone can. You got this baby ❤️",love
"To be fair, the world (especially politics) has been kind of a shit show since 2016",angry
Another place Canada wins. That is crazy. There is basically no oversight on alternative medicine down here. Caveat emptor I guess.,calm
"Enough shit comes out of his mouth, do we really need to put more back in?",angry
And there’s no reason to drop the f bomb when giving an argument,calm
You don’t know what love is till you’ve fished a turd out of the bathtub for someone.,calm
That doesn’t help people in market though.,angry
Don't judge our love,angry
I'm a guy and I'm squirming. My wife asked me what the hell I was reading and I told her. She said wtf really loud.,fear
I'm getting politically charged rhetoric from a cola company now?,calm
Life as a chef= late nights with booze and strippers.. wife doesn’t approve of it but hell with her somebody’s got to suck it🤫,angry
"I think, on my next play through I’m going to save right before so I can keep going back and reliving this night! Lol",calm
DELETE THAT SCREEN SHOT! NOW!!!,angry
YOU UNDERESTIMATE MY POWER!!!,angry
You know I’ve always wondered what this song was about. Thank you.,love
This movie is highly underrated. Part of the problem it has is that Rogue One was SO FREAKING AWESOME!,love
"To the rest of the world, I would like to say, ""Sorry.""",sad
I need to amend: Fuck the Patriots and fuck [NAME] in particular.,angry
Doesn't mean any of those thing you liked are going to change. Not immediately anyways.,love
I like to laugh,love
I hate how much I love these and the Banquet brownies. Only redeeming part.,love
I'm [RELIGION] and I'm disgusting lol,happy
True. I don't know the survival rates of the women in ancient rome but I can't imagine it was fantastic.,angry
You only saw one piece of luggage. I’m not a fan of overly criticizing the things we don’t see.,angry
Children whose lives are in danger daily because their parents won’t vaccinate them should be legally allowed to kill their parents.,fear
Damn Skyrim VR looks amazing.,love
You cant pick and choose racism you dippy cunt,angry
I was waiting for that but this isn't r/nononono or r/Holdmybeer,sad
Eh happiness is just a fleeting fish in an ocean of emotion. You can catch it a few times but dont expect to live off it.,love
"> You have no shame. This is just more Ad Hominem FFS! You really can't help yourself, can you?",angry
The Volvo driver is calling his lawyer...,fear
I hate [NAME] omg I just do,angry
More please!,fear
Going to get hard for everyone after brexit,sad
Ya! Nintendo is for kids! Now join me on my expensive PC and let's play stardew valley like MEN!!,happy
This wasn't exactly aimed at the national brain trust.,angry
They’re just insecure tbh,fear
They're so scared,fear
That’s so cute I wish I was that talented at drawing haha. I love art like that it’s adorable,love
Being too scared of calling someone isn’t a disability for fuck sakes... use some common sense and grow up.,angry
Maybe you should reflect on why the left is full of [NAME]. I would also like your source on TD being white nationalists.,love
"She is blackmailing him, which is illegal. If she releases the pics, that would also be illegal. How old is/was she?",sad
If he breathes he’s ready!,happy
Welcome to Pittsburgh,love
Man you take your sims really seriously.,angry
"Think you're pretty funny, don't you, freak?",happy
"Not cameo, reference sorry",sad
I was AF enlisted too hahaha,happy
Fingerprints not [NAME] or [NAME] red is [NAME] don’t just make things up now that is sad !,sad
"I hope so and I think they have the ability to, but I just have a bad feeling that they won't.",sad
It's the first two themes in the themes section lol - what game did you get :),happy
Trust me no one getting caught but this dumb MF,fear
"Oh joy, now my life is complete 🙄 Anything that ends in an -asm should be avoided like the plague.",fear
*Hey just noticed..* it's your **2nd Cakeday** rebel_alliance05! ^(hug),love
Wear a hoody?,calm
"I guess the top left forgot to read the part of history where their ideology failed many times, and killed many people",sad
No you are providing more than enough evidence. Post histories do exist. Now fuck off.,angry
Incredibly frustrating.,angry
Ok this makes more sense now.,calm
"> His face, mate. He thought he was a goner. Properly lol'd at that and reading all [NAME]' bits in his accent",happy
"Jeter been enjoying the Miami nightlife a little too much maybe, dulled his senses.",sad
Very good to know! Thanks!,love
No because thats stupid,angry
Thing is...it's the media the masses take in that is driving this anxiety [NAME] or AP reader isn't falling for this,fear
Far more to do with being entirely irresponsible and dumb than anything related to benefits or tax claims.,angry
surprised he hasn’t mentioned [NAME] after saying [NAME] the best manager/coach he’s ever worked with,happy
"I mean, it'd be nice to see some other teams in the championship anyways, it's been Bama vs. Clemson 3/4 past years",love
they just want someone to agree with them and tell them they're right. that's all these sorts of posts ever are.,calm
Seems like a strong negative reaction to something you say you know nothing of...,angry
"Ah, the old [NAME] to [NAME] to [NAME] to [NAME] pipeline.",calm
Fun ruiner.,angry
I use to get this but now I just get ghosted.,fear
His sister likes his Cox,love
OMG are you serious? Do you know what episode? That's horrendous! I'm really disappointed in [NAME] on that one.,sad
Can't remember how many times i died there. Death is easy if you keep spamming holy water in the corner,sad
That's Great to Hear.,love
i have bought this but not played. i'm scared. hold me.,fear
I'm getting worried,fear
"I'm no cosplayer, but that [NAME] needs some work.",calm
Reminds me of the giants/cooks from Little Nightmares.,calm
"that's the spirt! *come to the dark side my child, embrace your hate*",calm
"Honestly, that would be my nightmare, I’d rather keep [NAME] another season and draft a new QB in 2020 instead",fear
Because she was sarcastic since we met her. It's not that hard you know?,calm
Now my mental image is narrowed down to a big imposing woman or a spidery woman that scares me just to be around.,fear
-Binge eat something -Work -Sleep Usually in that order.,calm
[NAME] is just pretending to be uncoordinated while he plots to end careers,calm
It’s a joke...,happy
No. That's something you can't prove unlike American support to KCK.,angry
"“[NAME], I tried to make ramen in the coffee pot and I broke everything” - [NAME]",sad
Really that's not very sad at all,sad
Happy Cake Day Baby!!!❤️❤️❤️,love
"Blizzard was working with Activision long before Hots. I'm afraid its too late now, to divorce.",fear
"Glad you enjoyed man, yeah it was pretty spontaneous too, I was praying I wasnt about to pull some bartard move and get jammed lol.",happy
The master will not be pleased.,angry
couldnt believe [NAME] got the rebound AND the three,happy
Because nothing he says was remotely sexist? Sure it could have escalated but what he said was pretty tame.,love
Applied Math lol.,happy
My [NAME] He is a BEAST. Every possession he makes someone his bitch. Are there any injury concerns past the injury he got before he left the team?,fear
Ok but it’s easy to worry when the legal drinking age in your nation is one of the lowest among first-world countries.,fear
That awkward moment when people who passionately hate [NAME] inadvertently portray him as a hero.,angry
Looks like a plate to me. A stupid plate. But a plate nonetheless.,angry
I laughed at this,happy
"Yeah I was super surprised by how good Trench was, probably my top album from last year",happy
It's hard to be good to yourself.,sad
Love this twitter account.,love
Hoping to make it to Seattle soon. I’ll make sure to reach out.,happy
Welcome to my world. fml,happy
"[NAME] was my favorite. And I liked [NAME] her first season. They both suck now, so damn hard.",angry
"You know, I'm rather disappointed, but admire your cunning at the same time",sad
I dont think self-sources work for TIL.,angry
"Your imaginary boyfriend is kinda creepy. Although, if he's kinky then he may be for keeps. *wink",fear
"I think ignoring intentions is ridiculous too, but I also think that only looking at intentions (and at face value) is a bit naive",calm
"That’s what the pelicans would ask for. If you were in their shoes, what would u ask for?",calm
I personally like Picard better. But Kirk must have been more fun to write.,calm
True but also it's not a dilemma ; if they try something like Tiananmen they will likely die. So not very tempting to try to change things.,happy
I've also heard that intriguing but also kinda scary,fear
Friend got me into football by watching Detroit play on Sundays after church. Been a fan since.,calm
Exactly. And they parade around with their protruding stomachs as if they're [NAME] gift to the world. *barf*,angry
[NAME] looked bad pre release. Post release she was touched up and tweaked. Relax.,calm
"Oh good grief! Put it away, [NAME].",sad
"[NAME] is like ""Mine! AALLL MINE HAHAHA""",happy
When she asks how he lost his arm she is looking up to him,calm
One you don't like. It keeps messing up your contacts as well.,angry
Tinder is mostly for fucking not a LTR. Men also do this.,calm
No but that's why I stay up way too late.,angry
Start a relaxing bedtime routine. Goggle sleep hygiene and make sure yours is good. Get over your weird thing about reading and try it!,love
Wow did you really just scam me😔,happy
This is the scariest thing I think I’ve ever read on here. That is just so horrible.,fear
"2018 was the worst year for Sydney Trains, I’ve lost count of the number of cancelled services due to power outages and train drivers calling in sick",sad
Wait for real? That's how they met? lol that's both terrifying and completely fitting considering how nuts they both are,fear
stepped over that dude like he was [NAME]!,calm
"Ohthe good old lemon meme died so quickly, i mean that’s how mafia works",sad
Fair enough ;),happy
"I was so scared, I thought the kid was going to backpedal into a street.",fear
"Okay, so that doesn’t really answer my question. Are you suggesting the liability will fall on the towing company with shitty or sketchy reviews?",angry
Damn. As a [NAME] [NAME] I fear who the last Greek restauranteur in this death triangle will be :(,fear
Doctor charged 400 bucks for a blood pressure check before renewing my wife's high BP medication. She HAS been acting a little weird la,angry
"If I’m ever like that, suffocate me with a pillow.",fear
I’m a little scared of telling my parents (I’m in high school.) How do I approach them about this?,fear
And you truly need to be there and see this wide spread nonchalant attitude to truly understand it how bad and rampant it is.,sad
Im sorry my friends money should be out soon then ill release for all to see,sad
You know he humps the hell out of that thing right? Like probably right in [NAME] mouth!,happy
world war 2???,calm
That's far from what happened and there is overwhelming evidence to the contrary of the circumstances of her death that it leaves no room for debate really.,sad
What logic justifies $33 that would not also justify $5000?,love
I think you may be missing some of the public information posted by QCX employees over the past year but I think your posted information is mostly correct.,happy
We really need to go on some sort of winning streak,love
He’s not the character you’re looking for.,angry
"I’m sorry to inform you, it’s worse.",sad
Thought I was...it boomeranged on me and I am suffering immeasurably right now. Thanks and I hope your day was good.,love
Still doesn't apply. 5 hits from [NAME] will do way more than 6 hits from [NAME]. Quality vs quantity.,calm
"Okay fine. Still though. Make some joke ""maybe we should cuddle for warmth"" and see how she responds.",calm
"Yeah, the content is bad enough but the financing is on a whole other level of sketchy.",calm
He looks like he's 10 years old...,calm
Wow now I know there's a twist. Why even watch it?,love
Another sick burn! You're fun when you're wrong.,happy
Yeah they paid for my dinner but still ugh,angry
"I used it for a while. It made me way more sociable and generally happier, optimistic Less anxious and stuck up Until it didnt, so enjoy it while it lasts",happy
Sorry if this has been covered a bunch but what happened on the play where [NAME] got injured?,sad
I dare you,calm
Oh shit lol I forgot to put “ashamed.”,angry
"I mean, she actually is a genius, so I really dont have a problem with her identifying herself as one",love
why fire make hand hurt,sad
The BMW had to pee really bad.,calm
"Damn it, now that he's out of prison he's unqualified to work for the [NAME] administration.",sad
It’s beautiful. I think I need to move. 😊,love
"Ah, i misunderstood what he was going for, sorry my bad",sad
This is amazing to think about and love that [NAME] is there. 10/10,love
Reminds me of the podcast Welcome To Nightvale.,calm
Lol if he wouldnt have 3 straight bad games it still would not be even close to LOCK,sad
This type of view leads to people like [NAME] being seen as untouchable,calm
Sweet seats! You're lucky to have been there!,love
"They cant see me, bc I cant see them!",sad
Thanks i hate it.,angry
"Mmmm, I sure do love some Vaseline on a hot piece of toast in the morning.",happy
Wow random irrelevant internet person has the secret goods on [NAME]. Maybe we’ll finally get to the bottom of this birth certificate thing...,happy
That’s horrible. Only religion could make an otherwise normal person want to show a torture and murder video to a child.,angry
Oh the horror. I hope she's alright.,fear
Just goes to show how stupid they are,angry
See i hate [NAME] and got my ass kicked that game bc i couldnt use him so i was lime why me 😂,angry
This response is highly unexpected yet logical. I’m fixin to chew on it for a spell.,happy
"Wow....thank you...you just ""woke"" me up :)",love
Even more so. It would only make our prison (this world) even more diabolical.,fear
Oh whoops haha,happy
"I know I should be worried, but I am not, which makes me very worried.",fear
"I hope she's ok and that doesn't impact her life, career or hobbies",love
I can't afford what I want. What now?,sad
I love [NAME] as a player. I still think the best is yet to come with him. Just praying he stays on the field.,love
Was less worried about spelling and more worried about warning everyone in the match,sad
"I like the sound of that, shes definitely a bitch what does chutzpah mean?",happy
Oh word. Thanks for the heads up!,love
"Yeah, guess I'm old fashioned and don't downvote people clearly expressing a personal opinion. No matter.",angry
If we didn’t throw out offers after [NAME] himself has been all over it. Then lynch needs to get checked.,happy
"I was expecting the surprise birthday, not seen this twist on the sister before.",sad
It was pretty cool seeing him play all the horrible games based off his childhood stardom on AVGN’s YouTube channel. Fucking [NAME].... Bane of my childhood.,happy
Cant wait to hear a hot take from the second dumbest people who ever loved ([NAME] ots the first if you are asking),happy
It's not like UK monetary policy massively diverges from the Euro,angry
[NAME] shitting the bed like a 4 year old with diarrhea,fear
Lol I do the same. Sometimes it gets stuck in my head for days.,happy
I love to watch [NAME] play tbh,love
You mean more handouts than they already get?,calm
I’m glad I’m not the only one who was pedantic enough to notice.,love
"His wife wears a burka too, lest her comely appearance detracts him from godly thoughts.",calm
That looks even smaller.,sad
"It is. I mean official translation is coming every 7 days, but leaks go day before (Korean)",calm
That logo looks cool in the morning lol almost cyperpunk,happy
Oh....yuck,angry
"I'd say the bigger potential problem is getting reported for public indecency, that goes on your criminal record.",fear
Because people want to have more than the absolute bare necessities for survival.,calm
"I had that, after a relationship of 2.5 years she cheated on me. Oh well, we had fun.",happy
"I have, I've always wanted to celebrate Christmas and actually have a more closer family",love
"Oh sorry- to be clearer, I meant everyone not on the APP looking for a scooter will get sick of seeing random scooters.",sad
"My nipples are rock hard right now, just ruined my shirt.",angry
Right? He actually came across as level headed and mature here so that was a shock.,happy
I think Kabuki would be a better comparison,love
So smart it looks like he shut his fingers in the door. That’s a nasty bruise under his fingernail.,calm
"Yeah, that makes sense, too. (Did it. Once. When I was like 16)",happy
"What a fucking moronic jackass. ""This is what happened with my piece of shit dad so you have to experience it too""",angry
"And you're a lame, sorry not sorry",sad
"If your greed kills 2 people, it's worse than your murder killing 1. I don't know how this is hard for you to understand.",angry
Why is that funny?,happy
The third picture is creepy.,fear
Is everyone the same person,calm
"so lucky. im afraid to tell my [NAME] gf. :"")",fear
"ah, thanks!",love
"Glad you liked the lesson, don't forget to SMASH that like button and click on the bell box below to join the NOTIFICATION SQUAD",love
[NAME] was gaining a lot of buzz until Twitter cancelled her after finding a bunch of old racist tweets.,sad
"Hey buddy, wear did you ear like van-go.",calm
"I do not, sorry! I am not talented in the ways of making/editing videos.",sad
i wonder how people who are in college/undergrad who are in stable relationships do it.,happy
"Yes, it can be a very stressful read at times.",fear
enjoy it and happy New Year!! I was at the cheesecake factory yesterday with one of my kids.. had a blast,happy
Don't worry about stupid people and you do whatever you want. Screw them kind of people.,fear
Culture war is a two-player game. This would only mean a different tribe would have believed the claims and a different tribe would have disbelieved them.,angry
> a complete ham sandwich Love this. Using this.,love
I did twist my ankle trying to play that on DDR.,sad
She is only good if a team has good communication. (And this is a ~600hr sombra main saying this.),love
"> if nine out of ten girls were going to reject me, I would approach twenty. That sounds like a threesome",happy
Protip- just smell your damn food. Use your senses!,angry
>”The Palestinian [NAME] population is rotten to the core.” Source,angry
The horizon is very beautiful in this game. You should look at it often.,love
This post should demonstrate that it already has become one of those subs. Disingenuousness is rampant here,angry
takes no time to copy/paste a press release,calm
Do you find yourself depressed a lot? I feel like depression comes out of boredom.,sad
Is that the only symptoms you’ve noticed? Are you normally worried for social situation?,fear
People are very complicated.,sad
I love the immediate cut from the gladiator dying to the defeat screen. Makes it funnier,love
Bruh I wish 😖,love
"yeah, it's basically Hillsong with sugary shakes pretending to be food.",calm
"Apologies, got a little carried away.",sad
"Let me remind you that I'm 5'6"" and I still think all that thinking is ridiculous.",angry
"That’s the p-value, not the effect size. 0.4 is a long way from being a significant result.",sad
Oh wow I didn’t know their website was owned by Sinclair. I thought that was just channel 2.,happy
"I've been putting off scheduling a dental appointment for a week because of this, I'm just too anxious to pick up the phone and dial.",happy
"Need some new prog material, I'm stoked to listen to it!",happy
Willing to get with someone manipulative and knowing this just to get some ass. Seen that a lot.,calm
"It's a self-identifying group, and they have killed quite a bit of people in their crusade for revenge. It's both absolutely pathetic and absolutely terrifying.",angry
"Sadistic, but not smart unfortunately.",calm
On the next [NAME] VS. Car,calm
maybe next time you should do some fucking research. prohormones will shut down your test production,happy
I heard Netflix was cutting a bunch of content so I'm going to cancel and drop all the content myself! 4d chess move baby!,happy
Now you go get his armor and do the same thing.,angry
nearly choked on my chicken breast,fear
I like the new colors significantly better. Old ones might have been some of the worst in OWL.,calm
This is stupid,angry
I just hope you are all right dude,happy
I was told ignar was going to be awful by this sub.,fear
I really wish I could do that. The furniture is all made from my grandfather so I don't want to get rid of it. :(,happy
You don't know the lawyers I know and the judges I know. Law depends entirely on who you talk to.,happy
Sorry I dropped mine can I have another?,sad
I'm glad you called it because it really is a beautiful and beautifully honest statement.,love
I was scared of my room and even when I fell asleep in my bed I would sleep walk into my mom's room,fear
Lol dream on buddy. You’ve had enough attention today. Actually learn what your talking about helps a lot. Sorry your stuck in free roam smokin crack,angry
Ok cheers mate thank you,love
Someone has sex with that.,calm
I'd guess if they could do a basic blood panel (chem-7?) that would be a billion dollar idea.,calm
Thanks for reminding me to never live in NYC,love
This guy reddits!,calm
I avoid them like the plague and report them,angry
"It's a Falling In Reverse song, which makes it even more terrifying",fear
If you are at the stage where you want to quit then all you have to do is believe you can quit,calm
Ayyyyyyyyyy. Fellow INTP-er!,calm
Oh well I guess. Can't blame you for that. We aren't all [NAME] though.,calm
Lol. Your dad made me laugh. Tell him thanks.,love
So looks like it was gang violence?,fear
They just want to give you hugs mate.,calm
The secondhand panic and embarrassment I feel from this is astounding,fear
You're championing the removal of some threads while complaining about the removal of threads...,angry
Not a good couple hours. A full 33 days.,angry
Nervously laughs in anxiety,fear
How embarrassing.,sad
I'm kinda afraid to ask but did anyone reply?,fear
Valid. I think we mentioned in the Discord that exact point the other day.,calm
It’s so sad that i can play all these Zelda games on my 3DS but not my Switch. I have like 12 Zelda games on my 3DS,sad
The Leafs weren’t mentioned once in this article.,angry
Darn. I knew there was something off about him.,angry
Ill send the dankest of fresh memes so theyll scurry off to steal them,fear
Ha ha good one,love
"Measuring my life in semesters filled with classes that are entirely worthless but I need a $60,000 piece of paper to get a job",sad
"Short, succinct, and perfect. It would be nice if the more of the world realized this simplicity of life.",love
mans got me excited,happy
"Might do that, thank you!",love
"Fish tanks and fiddlesticks, that was intense!",calm
Sorry then. My bad. Let's hope there is no full scale war any time soon btw.,sad
Y'all ever try to ride a scooter with one hand before? Shit was dangerous.,fear
"No, just dont show off your books.",angry
Horribly fake. People on that thread are stupid and gullible.,angry
Baby steps and patience with yourself!,happy
Nope. I'd rather they fix their servers instead.,calm
The level of denial the top boys reached was astonishing.,happy
Electrical malfunction... suddenly exposed.,happy
"yeah while i cant even leave the house without being an anxious mess, let alone interact with anyone...",fear
"The overall response is try and empower women, abolish prostitution and stop giving lazy men money because they want to live out their idiotic fantasy lives.",angry
I want to thank whoever lied to her and said those contacts were a good idea,love
[NAME] in the trash that's just how I like it good list,love
Stay strong. You are better off without them.,happy
"Man that dude seems to be having a blast at the character select screen. I'm so hyped, where do I sign up?",angry
That and losing [NAME]. The two of them had instant chemistry. Excited to see is he can become a big part of our offense next year.,calm
Cordovan in the mech with the loudspeaker really makes me smile. It is just so bonkers. I love it.,love
I hope that the talk goes ok. Though with these justno's it may not. I'm glad that you are prepared if it goes south.,calm
😭 I wanted her to be on the top 4; now we’ve heard plenty of times [NAME] mentioned so pretty sure ain’t gonna happen,love
I always love her reaction. She acts like life is over.,calm
"Yaaaaaas! Also, your username is awesome.",love
Lmao. Idk why this made me laugh out loud so hard. Ig cause it’s actually true lol.,happy
I sleep alone on the floor. That was a bad idea...,sad
Daaang [NAME] lost weight!!!! Is she making a comeback?,sad
Let him walk away from the town just far enough that you can lasso him and drag him into the fields. Worked for me,calm
"Horrendous , this is also reflected in my experience act school where you are not allowed to defend yourself at all",sad
i definitely remember the times i embarassed myself or regrettable actions i made from years ago,sad
Reckon she'd have your back too OP!,happy
Way too fancy,angry
"I personally believe [NAME] is asexual, other characters in simillar situations all get hints toward homosexuality but I can't remember any for [NAME].",sad
Wow my wh had toxic friends too,happy
You've had sepsis 3 times? Shit. I'm 27 and I don't recall every having a single infection,calm
How are they assholes?,angry
Another year filled with Mets disappointments...... LGM! Can't wait for Spring Training!,angry
Well don’t complain here about another media outlet lol,happy
Youve got a plant in me,calm
"Help, I'm scared and want to go back.",fear
This is exactly what it's been like. I feel personally victimised by it all,sad
> This is just a waste of time. Just like making portland denizens use their tax dollars to built a stadium,sad
This. Nurses already have one of the hardest jobs on the planet. They shouldn't have to waste time on this.,calm
And it's been drummed into them since birth that not working = lazy bum/death and homelessness.,calm
I believe that the heart does go on,love
It goes away and can be treated. Once treated it would never return until she had another child.,calm
"Sorry, no. We’re just going to export [NAME] to you guys.",sad
"I like to believe he faked his own death, so he can enjoy his many Bitcoin coins and wealth.",love
I took a picture of a farmer treating his crops with roundup yesterday.. it was horrifying,fear
awesome thank u!!,love
Mommy bad man!!!,fear
I'm so doing this!,happy
"Maybe you’re just extremely boring and bland, and outright refuse to learn to take photos that don’t suck.",angry
Every red light should have one of these!,happy
Both parents were drunk. Where were the small children? You helped her cheat and possibly contribute to child neglect. Awesome.,sad
I love [NAME].,love
What a wonderful post. Such love. Thanks so much.,love
"Counter's clean, you're welcome!",happy
That's [NAME]!,happy
There’s this which is terrifying to think about,fear
yeah i misread billions as millions. my bad,sad
"He may have, I was more worried about the ""running and shooting the AR one handed, off to the side"".",fear
Shaming. Lol,happy
Oh but they will be sweet photos to look at in the future.,love
She even looks like a trigglypuff.,happy
Well fuck. I didn't think anybody cared at all...it's order than that?,sad
[NAME] I’m so sorry sweety,sad
YES! I can't recommend this TED Talk enough and I think it's really disappointing that many portions of the left have caved in to anti-nuclear hysteria.,angry
"No, no, please don’t make me see [NAME], please!",fear
GET IN MAH FEELINS,happy
I'm sorry to hear about what your sister did to you. I'm glad my videos could be of help!,sad
They didn’t you lying sack of shit. This sub has no moderators.,calm
"what happened to that uk transfer they picked up, haven't heard much about him",love
I actually got banned from vanilla sites for stuff like this lol. I think the guys get offended and flag your profile lol,happy
That’s terrifying,fear
"In case you're wondering, Nintendo does put a bittering agent in their Switch cartridges...and it tastes horrible.",fear
At least he didn't throw them at someone.,sad
I grew up there!! Moved away 20 years ago but still my home. Hope you're having fun .,happy
My dog died on New Year’s Day and I wish I could have give her one more treat. She just seized up and died :(,love
2016 was also the worst year of my life,sad
I like Shred 415,love
His smile is so damn creepy,fear
[NAME] just put a huge hole in my heart.,sad
I'm sorry. Does Scholomance exist in the World of Ice and Fire?,sad
Ireland because Ireland. Not me but i did something pretty scary.,fear
Now I see why it takes me 30 minutes extra to get home if I miss an exit.,sad
Probably it is a lot less memorable for those rich guys since they eat this type of stuff so often it stops being a special experience altogether.,calm
"How cute, the JV players are fighting",love
It's riskier to take on bad contracts right now,fear
Look... they are pretending it never happened. Lol.,happy
"I hate this comment. More-so, I hate how likely this comment is to reach fruition.",sad
>she looks like squidward when she smiles LOOOL,happy
Or at least a couple more visits to the booth. I enjoyed hearing him adding to the banter.,happy
And our bishops will take his side. We're surrounded.,fear
My wife is out for shabbos and I'm so lonely without her :(,sad
"Holy smokes, good jobs!!!",love
No hun your husband is screwed up. The way he treats you is no way of a man of [NAME]. You deserve better. ❤,angry
Fuck your husband,calm
Is it bad that I’ve never listened to Sabaton?,fear
After 8? I'm afraid after 5. It gets dark here early. :(,fear
Incorrect. To cure cancer you need to have a citrus and mint essential oils. Lavender is to calm yourself and help you sleep. /s,angry
So this means the people who have debt can see those that don’t. Am I sensing an easier target for muggings and such?,calm
GIVE ME OTHER PEOPLES MONEY!!!!!,angry
OK OK WE GOT IT,calm
"Definitely accurate, lasted about a month total in a Disney “internship” program... was more like slavery. Terrible experience that ruined Disney for me",fear
Imagine your daughter running away from home. I think that's a pretty terrifying idea without some murderer or mystic horror,fear
"Ya, definitely gotta not feel like a [NAME] sometimes too.",fear
"Probably because its likely, unfortunately. The question is what happens next for people that are obsolete.",sad
"Seriously, it really made me happy! I hope when OP scrolled through she felt a little tingle of happiness too.",happy
I think the Sugar Bowl is enough. You'd basically guarantee a rematch most years in some fashion with a challenge like that.,calm
"so fucking beautiful. so subtle, but so necessary.",love
"Really glad the US just passed transparent pricing for healthcare providers, but it's just a first step.",happy
This is reminiscent of when we thought we were lucky that we got [NAME] AND [NAME] on our staff.,calm
Girls screaming alone gives me horrible flashbacks,fear
"""I've made a huge mistake"" - Me, walking into this person's house.",sad
we legally can't do that now mr. [NAME],calm
Acne scars unfortunately and also out of anxiety I tend to pick at my skin.,fear
Don't the [NAME] generally accept inerrancy? It was the universal position of the Church Fathers.,love
"If you’re being contentious, then I have no interest in discussing this. There’s plenty of other threads you can search.",angry
"Damn, you woke homie. Your virtue has been successfully signaled.",love
12 year old self wouldn’t understand how I put a pint of ice cream back in the fridge. It should be finished.,angry
Happy cake day 🎂🎂🎉,calm
Do they seriously think freshman congressmen are 'leadership'?,calm
"Ya so in a sense, you're just feeding strangers for a few days. Kind of charitable in a way",calm
"Holy fuck, report this now. The fuck you doing on reddit?",angry
Studying something doesn't make you bright. Getting a degree does.,angry
Then you should probably get out more.,happy
Scripted but funny,happy
Ah thanks so much,love
"I considered that they might be doing that, actually...but I googled it and it didn’t seem to be true.",sad
I really wish I could scroll through comments with the video still playing.. sigh,happy
"Goodness, how will [NAME] even defend this? Please try to validate this so I can become a muzz and you earn your good boy points from [NAME]",fear
"As much as I hate him, I will always give that title to [NAME] to [NAME] to win the Super Bowl in 2008",angry
I'm confused what you're crying about. The situation has very little to do with us.,calm
"yuck, I'd be embarrassed to walk around with a black belt if I were actually blue-ish",sad
"I am happy for you. No, seriously, I am.",happy
a weird way to spell Boys Don’t Turbo Grafx 16,angry
"Why would a poll showing a negative favorability rating go to her head? If anything, people should be worried this will cause her to change her approach.",angry
I've done it everytime never had a problem,calm
British would annoy me more. Or being called British Isles,calm
Welcome to Reddit!,love
it's hurting my heart :( why did you leave me,sad
And yet when it comes to hard news several studies have shown that they are the most fair and balanced when it comes to coverage interesting isn't it.,sad
"heh, I remember that commercial.. Was pretty cringy",sad
"Beatin’, bangin’, ‘n’ scratchin’ - [NAME] and the andrews sisters",calm
I DESERVE TO BE HEAD OF NATIONAL SECURITY BECAUSE I'M ADOPTED,love
[NAME] is unbearable. I wish [NAME] had killed her.,angry
"Nah they did a good job. It appears you’re very mentally unwell, I hope you get better.",love
No he's overrated,angry
I gave up trying to be 'normal' years ago. But I get your point though.,calm
I am sorry but I can feel a panic attack. Holy moly I would die instantly If I were him,fear
The photos are haunting,fear
I recomend a Jasikevicius from Litva :) Sorry for English.,sad
"That sounds terrible! I get hay fever some years, I also have eczema and anxiety, all at once sounds like pure hell.",sad
"Seeing how I was as a teen and how most teens are, nope! Dont want to deal with that.",angry
"I think the appearance cheapens the brand. Seriously, 90 Day Fiancé??? Do the marketing people [NAME] watch these people?",angry
Annnnd that's too far. I think you should go home and rethink your life.,love
Maybe we will see each other over on that thread and everyone can openly mock me. You should submit it!,happy
This is amazingly unsatisfying.,sad
"Ah, [NAME] and his random crap again...",angry
"Correct. I still play NHL Faceoff 98 and I always turn that rule off, because it's terrible.",fear
Damn it. You beat me to pointing it out. XD,angry
I noticed that too! Lol it's bugging me.,angry
"In Mekkkah's latest pitfall video, he describes the common bad habit new Fire Emblem players have of _________.",calm
It's pretty stupid. Yes,angry
☠️ I felt his pain!!!☠️ R.I.P. furry giblets!!!!☹️,sad
oh my [NAME]. it was hurting my brain. i only saw the disappearing boot and thought i was missing something.,sad
Sorry to hear that brother! Solid advice and power and love to you. Here is knowing things will get better and that you're a champ!,love
I think you should make the distinction that these are Lus and not just AF,calm
But we're dynasty haters! We're just terrible people who don't love seeing bullshit shoved in our faces year and year out.,angry
Every right requires someone else's labor. The whole - / + rights thing is a stupid argument.,angry
Guys this team is SOOO FUN THO!!!! LIKE OMG,happy
I'm moving to the UK in 2 weeks. This terrifies me.,fear
"You could see this as your friend caring for you, meaning well.",love
"Hoping. Regardless, its true.",happy
I'm actually scared to find out what kind of thing you could get for breakfast there. I won't check.,fear
"You have too many background processes running then. This shouldn't give you a single more frame on proper setups, think about removing some stuff.",calm
the older i get the more it hurts,sad
Leading after 3!!!,calm
I don't care. It's adorable.,love
"Sure, rape isn't caused by poverty. You can compare poor whites vs poor hispanics too.",angry
Well no dur,angry
Start doing things you want to do? Doesnt need to be the same things as your peers but just the things you like.,love
shockingly close to reality.,happy
"Dude, it’s turn of phrase.",calm
"Seriously, someone out there has to love this dumpster fire TV show enough to edit some videos",love
"I feel like that's what they both deserve, though. Thank you for the support <3",love
I'm so sorry. Read about you getting kicked out at home. That must be devastating,sad
Interesting user name :).,love
"He looked so shlubby on that show, it was like he was the [NAME] version of [NAME].",sad
"I know you can’t read this, but I feel really bad and hope you learn to read soon",sad
thank [NAME] it was returned,love
Saints Chiefs matchup would make for a great Super Bowl,love
Didn't even get a chuckle out of me. I guess its just too high brow for my dumb brain.,sad
It worries me that there are people that miss the meaning of a subject by so much. Your critical thinking skills sadden me.,fear
From that angle his face looks like the big built guy from jersey shore.,calm
I’ll never be able to unsee this.,sad
"NOLA is a terrible place to live, ran by democrats forever and this is the result.",angry
This is not a good formation. We’ve been over this. It just ends up being crossed lobbed into the box by [NAME],angry
Unsure if OP is serious or just being sarcastic. I can't decide?,fear
Best pancakes in town!!,love
Lol I know right?,happy
"Most of my friends are [NAME], and I respect them. I don't think they'd be offended. Sincerely.",love
"Ya missed a clue there, Guess it never hit ya!",angry
I sliced my abs in half!,happy
Thank you so much for posting this! I've thought this way for a long time and it's very comforting to see that I'm not alone :3,happy
Someone who's done very little to earn your ire. Did I piss in your cornflakes?,angry
"Best way to ship an item that is roughly 120"" x 8"" x 8"" and weighs 45 lbs? Thank you!!",love
"You're a normie in loner's clothing. If you think that most of us haven't tried all of the above already, you're sorely mistaken.",angry
Don’t worry about it I meant what I said thank you really,sad
Women get pregnant. Women are weaker than men. Those things won’t disappear.,fear
"I used to have no problems finding them, but I’m struggling really hard now",sad
Must be a terrible swim team. The only thing that your neck beard does is accentuates your double chin.,fear
Even down syndrome is a spectrum of severity. I've met several adults with ds who are more than capable of relationships and employment,calm
> I'm not really sure why my post got you so mad Because he’s one of the guys we’re talking about.,fear
Leaving [RELIGION] and planning to FINALLY live MY life to the fullest without white men in white shirt telling me what to do every second of my day!!,calm
"No, you won the 23rd.",angry
"We may not have much connection playerwise anymore, but Flames will always be Mr. [NAME] special Western buddies.",calm
"7x04 for me, but I like the positivity. It was one of my best episodes of the season.",love
[NAME] these are hideous,angry
You can't be serious.,angry
That edge just got fire polished.,angry
Might get in trouble with the mother for assuming she's single though. This has happened to me when using miss.,fear
"No, it's the curds, they just feel really strange in my mouth.",sad
So we’re reposting stolen jokes now... cool,happy
I really don’t want the I told you so moment to ever arrive. 😔,angry
Why did you have to one up this article in your comment?,angry
*me three pls*,calm
"As a teacher with a bunch of sick students, this scares the hell out of me.",fear
"Not having social media is such a blessing for me, it’s weird he messaged your mum though! I bet she loved hearing from him!",sad
"You're not getting more benefit, you're getting the same insurance plan, it just costs more.",sad
Thought i was already there with the terrible title.,fear
"Definitely, I'd do that. The league pass deal isn't awful though.",angry
"Waze is owned by google, so I'm not sure what you mean by that. Unless you just mean they are both sharing the same routing algorithm.",calm
Glad to hear it has kept going strong. And employed your dad for that long.,love
BUT IT WOULD HAVE TAKEN THEM LIKE TWO SECONDS TO HELP HIM GET OUT REALLY!!! This show makes me angry sometimes.,calm
SE 89th just north of Brooklyn St is one of the worst I've driven.,angry
He’s 30 freaking years old and is scared of managing a bank account. *eyeroll*,fear
Now this is what I was looking for! Thank you good lad,love
Now that's a frozen dessert I haven't eaten in a long time.. a long time.,happy
"Im all for putting rapists in jail, and honestly i dont like [NAME] politically but they tried so hard to taint an innocent man in jail and thats sad",sad
Glad your nights going well guys,love
Gives me [NAME] 2005 bad memories.,sad
The people you know have silly opinions. Its their best album since black holes.,love
That’s awesome. They did it on purpose.,love
I like him,love
That's just sad if it's for a game,sad
But that sounds yummy.,happy
I feel sorry for this little girl. She's legitimely scared.,sad
That [NAME] missed layup is haunting me right now.,fear
Hard agree it’s sooo creepy. I hope she’s ok that man had serial killer written all over him.,calm
Lucky for me nothing just broke!,calm
I played in the WSHL last year and this really isn’t a surprise. It’s crazy how unbalanced the competition is in that league,sad
She was a surrogate. [NAME] fucked the force which created [NAME] in schmee,sad
Because it would look worse than 2D art.,sad
SHE MAKES ME CRINGE :(,sad
OH SUCK ME SIDEWAYS,calm
Oh good lord what did I create,sad
It's pretty convenient,calm
I hope you are getting your levels tested! You can do some damage to yourself if they're too high.,happy
Same here. I appreciate the truckers in this sub and how they emphasize safety.,love
[NAME] wasn't apart of that team. That was [NAME],calm
I just get sad when I see people commenting on articles and videos about him that they think he's on drugs.,sad
Those are literally gremlins when you realize the orange aren't their eyes.,calm
"""LOOK AT ME!!""",happy
so wont back up your words? thats how i thought this would go.justifies *everything* I HAVE SAID.,calm
This caught me off guard for real. I actually off my bed laughing. +1,happy
"It was heated between Boston and Minnesota back in 1980, but we worked together to bring home the gold. Welcome!",calm
"My mums told me about gunmen standing at the end of her driveway escorting her family to school, really shudder worthy stuff",fear
"Well then outlive your enemy, get pass your old self that is the enemy and you can outlive the enemy",love
I'm sorry but as someone who travels alone I would be pissed if I was told I can't drink at the bar by myself.,sad
"As bad as the session was, I really do love your drow bard she sounds super fun to play with",happy
[NAME] AND PORZINGOD UNDER THE TUTILAGE OF DADDY DIRK PINCH ME I MUST BE DREAMING,angry
Worried me there,fear
Foot fetish people like pretty feet. Those are not.,angry
It doesn't really matter because since BF came out on console it's slowly become shit. :),angry
Heh I love this.,happy
I cannot believe the fucking audacity of him. Have some shame for [NAME] sake.,angry
Right like interacting with each other having a normal evening? Ugh they’re both so trashy I’m sorry.,fear
Poor [NAME] she just broke her back,sad
Nice work. I really want the full scene in this format.,love
> Sleeping next to someone I knew my wife is trying to kill me!,fear
This article gives the details,calm
I cant even deal with this you are fighting with someone over your inability to understand a sooooooooooooooooo is sarcasm. Get some help,happy
"Oh, how I miss real spicy Chinese food. Day after, not so much.",sad
Everybody seems to be lost.,sad
I'm happy I live in a country where machete attacks don't have to be a real concern.,happy
Omg [NAME] I can't stand Orange anymore after watching wentworth,fear
Also the joke. C=Sea Pirates sailed on the sea,happy
"My darling, have you bowed down to worship the ancient one yet? We are very worried.",fear
She better!!! .....nobody else will,angry
>My worst vice is vaping [NAME] to say you are not promiscuous. 😉,sad
"Keeps people from talking to me as much, so in fact I DO need them.",calm
Sad ni🎈🎈a hours,calm
"Don't go rouge or stick your tounge out at those across the boarder, but perhaps you could care less because I'm obviously bias. :)",angry
Ha! You're right! I don't know why I assume you were male. Sorry. :),sad
>tries to insult [NAME] for wasting time in a stupid thread >is only other person in thread,angry
[NAME] was the same in Crestwood. Scary as hell.,fear
"haha, actually haha",happy
I think Voit hits 30+ so it’s not impossible.,angry
Shamelessly stolen from Three Flavours Cornetto Posting,sad
Bringing the country down with the government.,sad
Whataburger misses you too. Come back and visit when you can!,love
"The history of horrible things the federal government has done is well documented. The same way the federal government does it, with income taxes.",fear
I heard your dad went into a restaurant and ate all the food in the restaurant and they had to close the restaurant.,calm
[NAME] isn’t a rocket scientist. I was surprised about the Thailand thing tbh I did expect it to be true haha.,happy
"Oh sorry, I forgot there isn’t any paperwork involved in getting a gun.",sad
Never said I didn’t have a hobby. Looking for suggestions and a third person perspective thanks,love
We are killing this planet,angry
Oh no my jimmies are so rustled! Please desist your relentless banter!,fear
"Apathetic. Not happy, not sad, just don't care",angry
"fucking melb transport. I knew it would go to shit today because of the heat wave, and it did. the only bad thing about this city.",angry
Everybody is just temporarily embarassed millionaires,sad
"Feminist narrative... it's always the mans fault even when he's helping someone out, sleeping, and gets murdered.",angry
So it’s somehow weird or different to make a child/student pick up their (there) own mess as part of the lesson?,sad
your comment made me exhale slightly faster because it's great. lol.,happy
Been their. We got into a huge argument and that caused our first break up. Video games...,sad
I eat crayons I shit crayons,angry
This gave me ultimate anxiety,fear
"Thank you! I do so love making people laugh, and when they let me know I did good.",calm
96.6 and 94.6% capacity on average for the OF. That's insane.,calm
I can’t tell who’s wooshing who but I’m afraid to ask by this point,fear
Very good comment!,love
"Freaky, more like creepy",fear
This was my biggest problem. And I'd want a nap too. That's why I have to shower at night.,fear
GF is false; I saw Mayor get transported and I was stabbed by an SK,fear
My balls shrunk up looking at that,fear
That is the stuff of nightmares...seriously.,fear
"July 15, 1996: Yanks to the Rescue! The Secret Story of How American Advisors Helped [NAME] Win",happy
That man has such epic face,love
Everyday for the last year and a half has been very hard and I should be glad she's gone. I'm almost there.,happy
Brain: Take spoon OP: Why? Brain: You gotta,calm
*I hate laughing!*,angry
"Oh I didn’t realise, sorry for my ignorance",sad
> ...he was afraid for his life... I see he has mastered the magic incantation.,fear
Yes! These people are allowed to vote and drive and do other things that affect our lives!,calm
If theyre real pharma then id charge $7 or 8 a pill. I never pay more than 5 for real ones but $8 is still kinda fair,happy
You’ve seen the world.. choose your regrets,sad
That's such a well said last sentence...,love
I would think preschoolers would be better at shitting than with sharing,angry
Watching it deteriorate into a horrific dystopia. Healthcare costs. Dental. Low wages.,fear
I feel [NAME] and [NAME] got off the boat but that's just my opinion though.,sad
Which is why I'm glad he turn around as he did. xD Still is both scary and funny if you look at it from a different light,happy
TO THIS DAY!!!! TO THIS DAY!!!!!!,happy
"First I was afraid, I was petrified...",fear
Get her professional help.,fear
[NAME] was attractive physically and got a match. [NAME] wasn't unattractive in his behavior and got an invitation for sex.,sad
I’m sure someone in the lions thread already posted something similar. They love shitposts haha.,happy
Omg does anyone have a video of this,happy
Bring on the mosquito to destroy those tired legs,angry
"Yeah, it’s interesting how I’ve had conversations on the overground but not the underground.",love
Good luck! Let ~~me~~us know how it goes!,happy
He looks like [NAME],calm
"I am just afraid the Pistons front office, specifically [NAME] overvalues [NAME] and says no to this.",fear
same but with panic at the disco,fear
It's great.,love
"It would probably be horrifying if we tried, when a bug causes an integer overflow and resets our aggression levels.",fear
I love all things supportive of books and spreading their wonderfulness.,love
very interesting hill to die on,happy
"Oh no, learning a while move set is so much work! But thanks, that's helpful.",love
This is creepy.,fear
What happened ?!,happy
"No telling I know is not eat it, I like eggs and I like cottage cheese but yuck no they can’t touch!",sad
I don't know why but every time I see a meme telling me how good I am it doesn't do anything and doesn't make me happy,sad
This guy's YouTube channel is actually really awesome. He makes all sorts of epoxy art. His name on YouTube is [NAME],love
"Is this a dogmatic fear of capital controls, regardless of scope and implantation?",fear
"You know, I was wrong. I always assumed false dichotomy was their favorite fallacy when it's clearly strawman.",sad
"That, and truthers. Like, why? It just makes everything else she says seem suspect to the average person regardless of how sound it is.",calm
Not what this sub is for and this doesn't make you look like a good person but ok,angry
"Rollin the green for 48 hours, weed will make you feel like you got awesome powers, like flight.",love
"Thanks, I love salad.",love
You’re like not wrong but I wanted to play up the immaturity. I’ll go back and edit,love
I wish I could buy them I am here in Florida gets harder each day to find them,happy
CURRRRRRRRY!,happy
"I usually say , DON'T BE EMBARRASSED ! They don't know you anyway...mm",love
I feel bad for these guys. I'd like to be able to help ex-mos in trouble.,angry
These parents probably dress and openly love the kid more,calm
Fact: 2:28 I'll never ger back.,sad
A jellyfish. He purposely stung himself with it.,calm
delusional about dread being a scam (don't know how this would work) and more of these conspiracy theories with zero proof/,fear
I've never heard him say this... News to me,fear
"Play dumb all you want, you know what that has to do with it.",calm
I'm ashamed that while trying to figure out what TKE stands for all I can come up with is Tau Kappa Epsilon.,sad
The 2019 NRL promo ad is a wrap!!,love
"Wow im glad my uncle is dead , this sounds crazy .",happy
Lmao do you just watch for the gameplay? Wow idiot. There's more to Youtube than gameplay. F***. Off.,angry
"The dad is like ARE YOU FUCKING SORRY Jokes aside, good on the dad and the 2nd pissed off dude Tryin to make a change :-",angry
"Instagram literally fueles my eating disorder, I can't have it. It is all fake though",sad
she looks so happy and well rested,calm
"A best friend would get me a vibrator. Not something that’ll make me feel like an oily, ugly piece of shit.",love
"It was cool so we put it on the phone, they’re blown away that I haven't slept in for months.",sad
"I just hate the ""I don't know"" people",angry
I applaud you (in a non-sarcastic way),love
I mean I just screenshotted this out of my news feed.,calm
Can we just take a minute to appreciate the thigh. So delicious and so cheap.,love
Watching this makes me angry.,angry
In the USA you would've gotten that imaging faster.... *then* mortgage your house for that knee replacement,angry
I got a free Razor for being a student so I'm a net loss on their company :D,happy
Great info. Thx,love
"I'm a dudes, he's a dudes, she's a dudes, we're all dudes!",calm
You sure seem angry. #itwillbeokay,angry
I've never been this sad in my life!,sad
"Holy crap, I've never seen a picture of [NAME] so thin.",sad
Beards are great for stimulating the lady parts.,love
"Well, that took a left turn. Sorry, you're not going to go viral, boss babe.",sad
"[NAME] was pretty rude to the maintenance guy too, but what a comeback he had for [NAME]!",calm
This is pretty worrying and makes me wonder why she can’t. That’s not normal.,fear
"Wow great analogy, exactly like that yes",love
I love it,love
I think I’m about to die from cringe overdose,fear
Im not 😀 Glad you realize your mistake and why I was confused 😉,happy
Gotta love the mermaid gems.,love
Ask him if he’d consider opening a makeup store if you gave him $6000,calm
I meant I wouldn't bring up wanting it to be vanilla and changing terms.,angry
"Best time to stop lurking, you know why? So I can see your handsome face",love
I'd worry about traffic more than the TSA.,sad
"yeah guys, stop complaining about violent mobs and join one!",angry
"Go for a walk with him. No phones allowed. Let him talk, share your experience. It hurts a little less every day.",sad
All the things you mentioned are basically aligned perfectly in 99% of cases.,love
"Huge, huge internet hugs. My heart broke for you reading this. I'm so sorry you had to go through this.",sad
"This too. It’s about how much excess the wealthy have, not how they acquired it.",calm
No clip? Screenshot? Picture at all? Sounds fake as hell,sad
Thank [NAME] there wasn't a psychologist among the testers,happy
any therapist will tell you emotions are valid even if they are irrational. Which i think is one problem with many TiMs.,calm
I bet there's something delicious in there that hornets do make,happy
We still have them 150 b you cuck. Why are you so fucking stupid,sad
Oh noooo. I once accidentally rubbed my eye after handling habaneros. It's the worst.,sad
Great analogy:),love
looks tasty did you all take it home?,happy
"*sobbing* I love you bro, you always there for me *continues sobbing*",love
"Unless you're a conservative trying to protect yourself. In that case, good luck.",love
This was driving me NUTS!,happy
"Who are real ""[NAME]?"" Be specific which, denomination is the one true denomination?",calm
"Attention, [NAME]! The Empire is attacking the city! I've got a score to settle...",angry
"Well, I'd love to see an MLS side defeat Liverpool like Red Star did in this years Champions League.",happy
"Nobody will ever be interested in me anyway, so it doesn't matter if I tell people I'm a virgin or not.",sad
it’s amazing how he is already just about my favourite skater ever.,love
"On the contrary, he gets off on his own ego and the delusion shattering reality of intimacy with another person makes him limp as a wet noodle.",calm
"Compared to the number of people fleeing Venezuela, the Honduras situation is a rounding error.",calm
TIL iguanas can be pretty cute,love
It’s very unlikely that they charged the rider again.,sad
Wow you really can’t handle losing can you?,happy
I always get concerned when I see Nono standing at the stove or being instructed to pick Milania up from demon spawn practice.,fear
I was just joking...,happy
I'd say that the vast majority of the population is and was rightly looked on as horrific. Christmas music makes me feel like a real [NAME].,fear
Stuff of nightmares imo,calm
"Out of interest, what’s a chibi? Is it basically a furry?",sad
Refreshmentos! What's that? It's new!,happy
Very happy with this !,happy
I love this and you,love
Yous offered the guy a contract and he rejected you. Probably couldn’t afford him lol,angry
I was hoping [NAME] would get into commentating.,happy
*6 objectively [NAME] and [NAME] are terrible at their jobs.,love
Google “Video Game Addiction”. You’re already at step one. You know you have a problem.,calm
"I don’t know but I think they at least have foil inside, I remember seeing you could hack one into an antenna.",happy
"I like these cultures and would be happy to tell you what sort of work qualifications/licensure/certification have you acquired, if any?",love
Just because they think it’s attractive doesn’t mean it’s sexist,angry
Hidilly ho there neighbourino now stop swearing you [NAME] damn cunt I'm buying my son GTA V,fear
r/everyfuckingthread Reddit Cliches have been observed by this bot 951 times.,angry
lol the zoomed in crotch on the right,happy
Let your work speak for itself IMO.,love
Could you imagine? That would be so terrible for viewers. 😂,fear
"""I care about the nation and the world"" and ""I'd rather let trump win than vote democrat"" are opposites of eachother",calm
I was afraid of that .,fear
There's those people that compliment me all the time and you can tell it's so forced and fake and I honestly dont know what to say,fear
"Wait a minute-- is this you, [NAME]? Awkward...",sad
"Not the right sub, I'm afraid.",fear
"Honestly, it's a great sample of the world as a whole. One articulate person can steer an entire crowd of idiots to do anything.",love
Ay i saw that live. You have amazing movement! GG bro!,happy
Sounds painful man,sad
It just feels nice to share uplifting energy with people.,calm
[NAME]. And I’m not even trolling. I seriously love him.,love
"We are on the brink, you won't wait long.",fear
Then a Rav could disagree that Chicken is to be treated as meat? Chicken Parm could be kosher?,calm
Context doesn’t exactly make state murder of the “stupid poor” better.,angry
I'm about 5 weeks of NC after a 1 yr relationship. It gets better. Occupy and work on yourself.,calm
I want to SO bad,angry
"Not any harder than in chicken wings, imho.",happy
"I'm sorry :( I hope this year ends up being incredible for you in ways you never anticipated, to make up for it. Hugs.",sad
It’s a nice basket.,love
That’s blasphemous 😩,angry
But thats a few hours ahead!,calm
What's the cringe?,fear
"Oh god, [NAME] is terrible. My kid loves it though, and Dr [NAME]",fear
"I'm loving the blocked shots from rust, what a stud",love
*Poop hole* Oooohwee!,angry
I was JUST thinking about how much I enjoyed Swalla la laaaa last night too!,love
"So happy to see [NAME] regaining his form... we had to sacrifice [NAME] for it, but i’m okay with that...",happy
"I'm three months old and I love Queen and Metallica, not the crap my generstion listens too.",love
I do have ps4 😂 But it's more easier to play on Tablet because I can play wherever I go,calm
Suffering from success...,sad
"I know, I know, but CAN YOU BLAME ME FOR BEING NERVOUS",fear
"[NAME], thank you, for being a friend.",love
I joined the casuals on the couch and curled up in horror while watching this,fear
Stop it don’t tell the outsiders.,angry
Idk how to use any.... the 5th one looks scary,fear
Sad but true.,calm
"Girlfriend is straight off of Shop Hush social app and onto reddit. Someone tell her, its slightly embarrassing.",sad
"She really does and She really isn't! She's an old, tired ass, busted up, con artist hoe!",angry
[NAME] was horrid for us,fear
Funny. The only people who have ever attacked me were conservative [NAME].,happy
[NAME] is scared out there. Didnt want the ball,fear
^She ^took ^me ^by ^the ^hand... ^made ^me ^a ^man... ^THAT ^ONE ^NIGHT!,calm
"That sums it up perfectly, but for a lot of people it's still the worst mgs... So you can tell it was very risky",sad
Damn....,sad
"Oh well, okay, it worked!",happy
"The smile on these guys face, the will and passion to explore all gone in a second. Rest in peace explorers!",sad
Could've done this last year and got [NAME]. I'm just praying we pick in the top 3,happy
"Hahaha was this the guy, OP?",happy
[NAME] on a pretzel. That is just...fucked up. Those comments are absolutely...I can’t think of anything awful enough to describe them.,fear
Think this is the first time I’ve ever disagreed with [NAME]. [NAME] at SF WCJ at PF sounds horrible,fear
"And when the 4th Quarter needed it most, it vanished!",happy
Didn’t realize two different intros were so many. I’ll warm this community up to hip hop eventually ;) Appreciate the shoutout!,love
They come to your house and rob you at gun point. Be honest. What are some ways that this could be resolved?,fear
"Oh [NAME], me and kiwi or pineapple. Or that feeling when a tortilla chip gets stuck in the roof of your mouth",fear
I’m proud of you for moving out You deserve peace and happiness! Independence is the sweetest thing.,happy
[NAME] didn't even know cass's e heals her until [NAME] told him :(,calm
Don’t let the bastards grind you down. I’m so sorry for this experience. No one deserves to be treated that way.,calm
Maybe you just don't like women that much...,angry
All I can say for sure is that you are more likely to find it back in Korea than I France! Good luck mate,happy
Looks like they did it to scare everyone else on the road as a dominance game.,fear
"I know right, im pre everything but sometimes i paint my nails and people will tell me how much they look like a womands hands.",calm
"I mean who cares, this show isn’t built for perfection. It’s built for comedy.",sad
This sent chills down my spine. What in the world!! I can’t imagine what they were planning,fear
"> [NAME] survives in car accident ""[NAME] is good!"" > [NAME] dies in car accident ""[NAME] is mysterious!""",calm
"Grew up in the south. When I left for college, I was very confused why people were walking around with smudges on their foreheads for Ash Wednesday.",happy
"> Bittersweet Poetry That's a bonus track on some international versions of Graduation, so it is an album track 😇",calm
"The bruised banana kit is only 👌aesthetic👌 cause it's a meme, I swear if the kit belonged to Huddersfield or something people would think it looked ghastly",fear
Tell her youre sleeping with someone else. You're a jerk if you don't see why that's important information.,angry
[NAME]? Never heard that word before haha. Well her parents seem very easy going and happy people but lets see when i actually meet them.,calm
Lol i got bottled by one of them in a brawl with a bunch of the nazis,sad
"When it gushed out I caught myself saying ""ooof"" out loud",fear
"Welcome to The World of... Mobile MMOs. Where power can be yours, for a price.",happy
Omg creepy!,fear
Sadly there's a good chance that you still need a car anyway because that affordable neighborhood will involve a one hour commute.,sad
Make sure you actually try sativas. Don't just listen to people bsing about Sativa causing paranoia/anxiety etc.,fear
"Its not exactly what I thought it was gonna be either, but its okay, there's a lot of food.",fear
Hope for the best but still work as hard as we can.,happy
Goose don’t give a fuck,angry
Sir that is a popular opinion. I'm too afraid of what sort of trade will happen to want one.,fear
Why not make a piece and send it to them?,calm
I understand now. Thank you for your thorough explanation.,love
Am I the only one who finds this hilarious? Good for her!,happy
"I was just trying to work around the ""no rude"" rule. I like a challenge ;-)",happy
"I learned a lot from helping my dad work on his car, namely how to stand very still and quiet while someone loses their shit over something.",happy
They as in men lol,happy
There is nothing worth saying about that insipid shaving cream ad. I haven't seen it and nothing will convince me to change that.,sad
"I initially liked [NAME], but he's really kinda dipped in my personal rankings. His shot kinda scares me if it doesn't translate",angry
I just shit my pants. Then walk away. Embarrassing enough he won't press or follow you.,sad
I love seeing satan... I mean saban upset,sad
Thank you for the solid advice 👍 I’ve had about a year of creative highs so maybe my brain just needs a break,love
Hard. Social anxiety/general fear/uggoness kept me from actually getting dates and i was extremely awkward when I finally stopped anxie-puking to actually go on the date.,fear
[NAME] spam them till they bleed out.,sad
It did have an awesome geocache lol,happy
People like you is also why no players want to play and stay in Orlando,happy
came here to say this. i've watched it through more than five times at this point. one of my absolute favorites.,happy
"Quitting porn only helped with my performance in bed, other than that I’m still anxious as hell in social spots",fear
You must have a different definition of exciting. Ivan v Alyosha aka atheism vs [RELIGION] is very exciting.,happy
"That seems real terrible, does that actually work? Negs should usually be playful at worst.",fear
Aww a homophone on top of everything else. No wonder you carry a gun. You’re a coward who’s afraid of the world.,angry
The dad is a lvl 35 alcoholic and the son is a lvl 1 crook,calm
Coq was great man...,love
"I’m not saying I disagree, but it’s important to note that those are all defensive guys",angry
"Pretty sure you don't know what ""hurt"" means",calm
"Yeah, anyone the team has dibs on and even the team's UFA vets can participate in offseason activities. They have to sign an off-season participation agreement.",calm
No wonder crime is going up if these morons are in charge.,angry
"... Oh dear gods, no...",sad
Ha me too. I’m afraid we’ve been called out,fear
Have you tried taunting for 90 seconds straight?,fear
In what world do you live in where you actually think you are justified in asking someone to apologise for giving you life? That's utterly arrogant and pretentious,calm
I thought I was the only one who did this,calm
I'm more surprised the dash cam was functioning properly. Usually around these incidents 3 of them were not recording and one had the lens cap on...,happy
For the sake of football and this sub everyone wants [NAME] to win,happy
"Is it manipulation if it is 100% true, 100% genuine, and 100% good advice?",angry
Based on that cars wheels it is now very tired.,fear
I think the dog is mostly worried about being fed and let outside when the last of the humans stop coming home.,fear
Of course he will lie cheat and steal to make him self relevant to the public. Horrible person.,sad
Appreciate it.. just for trolls sake Plot Twist : The one trick has no mic XD,love
I have more faith in [NAME] than anyone on the court to make a 3. Strange world,happy
"Guys should also know that not every woman is a size queen. Average doesn't mean substandard, average means just right.",calm
Gulags... Brexiteering. The mental condition where delusional and psychotic thinking occur simultaneously.,fear
Thanks [NAME] for winning so we don't have to see so much of [NAME] laughable career dwindling away.,happy
Cant you just say no when it doesnt feel right? Sleeping in same bed can help heal...after the initial shock is passed.,happy
"No phone, can't help....sorry?",sad
"I would trade any and all players, no one except maybe [NAME] at this point",happy
"Grammar guy, sorry, but vicarious doesn't work like that. Did you mean various?",sad
Denver will pay for bus fare so homeless people can come live here And we love it! That's where the tents come from!,happy
[NAME] I'd love it just to see grumpy writers complain.,love
"I think dogs should vote!! It's alright. We're your friends now. Cheers, pal!",angry
Hmm. Never saw a COMMENT downvoted!,angry
"Funny part is There ISNT a wall (but maybe should be) and there ARE already plenty of ""Sensible"" Gun laws",calm
no u again,angry
I already called the county I got married in trying to find out about it but they had nothing on either of us about a divorce.. Im so anxious.,fear
As much as I don’t like his splits would have liked him on that contract that’s a huge miss for the dodgers imo.,calm
"Sorry, I misread",sad
"Congrats, darling! That is a monumentally meaningful accomplishment. I'm both happy for and proud of you <3",happy
Where'd you go tough guy? You were talking so big before. Way to downvote and move on punk.,sad
That guy is gonna regret losing you the rest of his life. You know why i know this? Because i am him 30 years ago.,sad
The dude was absent in the Ohio State game... IDK I would be very worried if he was the pick.,fear
y meme when the news memes for u?,calm
"As a whole, yes, if it wasn't for Classified being the greatest thing to come to zombies since bo1, then I'd have to agree.",calm
How to accidentally run over your dog in one easy step,happy
Worrying what other people think is what collectivists have brainwashed you to think and feel. You are just a coward making excuses for your cowardice.,fear
"I think my worry would be if another dog attacks mine, they wouldn't be able to defend themselves",fear
Goddamn right!,angry
"I'm hoping it's more statistical noise at this point still, but it's definitely worrying.",fear
"For real though, I do apologize. That's a bad run of luck for sure, it's such a rare syndrome",sad
"> salt rifles. but then how will we kill the flies??? /s im sorry, I had to.",fear
Thank you very much.,love
Keep it going. Love your hot takes on this sub.,love
I find the joke chill and reasoned,happy
unpopular opinion - but [NAME]. I'd take him over [NAME] any day.,calm
"I felt a great disturbance in the Force, as if millions of voices suddenly cried out in terror and were suddenly silenced.",fear
I'm pretty sure she wants to be alone with you,calm
"it's quite a large red flag. It depends on the context, but if they are in her dating league, I would be suspicious.",sad
I recommend reading it. What an odd duck/rabbit.,angry
My goal for the year is to delve deeper into GTO related play and how to better understand how to use that to play better myself and against others,love
Newcastle too. Fake snow news!,angry
Sorry for your loss mate,sad
Nope. And I don't even have a dog.,calm
"“Guys watch out, the scary looking kid is coming down the hall”",fear
"yeah it's not like the subreddit is filled with that super-unique criticism . ""anyone who disagrees with me is a fanboy!!""",calm
Edmunds has a dog beach.,calm
"Its not the 90s old man. Now if you said you like pancake asses, thats juicy",happy
That destroys honor tho right ??,happy
Great for moderate sedation in the ER!,love
im putting my faith in you son,love
It's too bad they don't use that gorgeous high altar.,sad
Just not the right year to tank. POOR planning by the FO.,sad
Sacramento fun as hell,happy
This is gatekeeping at it's worst People can be heartless Idiots it's amazing,love
I have but I sugar discreetly and I’m genuinely afraid to have that compromised due to the field I’m in,fear
You’re funny if you think 27 vs 1 is going to somehow end in a good deal for the UK.,happy
[NAME] is an embarrassment to this state,sad
Give me $100 and I'll text you something fun. Sounds like paid sexting to me.,love
"The reason you keep going is the same as mine, I just don’t know how we’ll get there.",fear
Ambien your posts are delightful and I have such a hard core internet stranger crush on you.,fear
Lovely day we're having.,happy
Glad your SO was helpful and hopefully you are better,love
I blame [NAME].,fear
I don't feel so financially secure,fear
Is that [NAME],calm
The only part of church I'm sad my kids will miss.,sad
This version of mass destruction is by far my favorite,love
His left hand is mightily fucked.,sad
She should just go straight to therapy.,love
"this team is hard to watch, things that can so easily be fixed to make us great that are just persistent fuck ups and we refuse to fix them",angry
This is so scary but true,fear
"Matinee games always scare me, but I have confidence in this team. LGI!",fear
"> I'm going to retire over a decade early How long before I see articles about ""healthcare has failed me?""",sad
"Roll Tide. In my house is [NAME], [NAME], and then everything else. Or something along those lines. /s",calm
It's very normal in most parts of the world. It just rightfully appears horrifying to those in 1st world countries.,fear
"Again, that + is going to make people not want to do this deal.",fear
"The sheer size of [NAME] now is insane, would love to see him come back at heavyweight",happy
"Our experience was much the same. We might go back for a 2nd chance, but doubtful. The brewery next door was great.",love
When I got to grow old yet... They'll either remember how much damage it all is just ridiculously macabre.,fear
"As a closing TM, that’s terrifying.",fear
How does this have the Braves at .450? Nothing about this makes sense.,angry
It takes a lot of time to watch games. I got better things to do.,fear
"Not one single figure anywhere to be seen. Reminds me of auld Soviet propaganda. ""The harvest is up"" ""People happier than ever""",happy
"Exactly. Nothing but a burden at first, but our boy knows how to fight now.",calm
"Calm down snowflake. Comment stalking from a week ago is really sad, especially when you're whining about something that I'm 100% right on.",sad
Then much of the advice here is terrible because it congratulates him on doing the entirely wrong thing.,fear
Kids are like pets. They just sit by a locked door and howl.,calm
This may be the first thing I've seen on here that actually made me laugh instead of just an amused nasal exhalation.,happy
I am but me and my SO live separate lives.,sad
I just tell myself that I'll be put together for some girl. She won't have to treat me like a fixer upper.,sad
"While you were pickling your okra, i was *pickling my brain* ...waitaminute",calm
Haha Orange man bad,happy
"Ya did good, bud.",love
I take showers at night and I desperately need one atm. My hair has been really greasy recently.,love
My favorite kind of post,happy
I'm looking at that scene like a tribute to TWAU2's demise,love
I'm now scared to post this link]( I guess I should [stop.,fear
"I remember trying to use [NAME] back in the first NFL Street game, literately the only QB shower than [NAME].",calm
they already ruined their own lives by having an affair. the other spouse knowing is just a consequence of their selfish actions.,sad
What the hell kind of useless annoying bot is this? Beep boop off to hell bot,angry
"See also: ""Useless College Degrees From Prestigious and Ridiculously Overpriced Universities""",calm
That's just reckless. He's lucky he didn't get permanently disfigured or killed.,angry
"[NAME] is a warmonger. Other than that, he’s pretty libertarian.",love
My god she is desperate for a do-over baby. What a shrew.,calm
"Thank you for your message, I read it when I woke up and it helped. Thank you for showing kindness to a stranger",love
looks like your fake autism you used to use for attention still has its side effects :/,sad
Unfortunately not:,sad
Bonus: her infamous bizarre introduction video. Truly frightening,fear
I’m disappointed that no one has suggested taking her up Oxo Tower yet.,sad
"She didn't seem to have an issue with them judging her as ""cool"" tho",happy
"Even if you think me and him aren't soulmates, youve gotta be pretty sad to think soulmates don't exist.",calm
"This doesn't solve the problem of people using controllers, they make it harder for everyone low rank or not",angry
I was trying to make the point that the patient is still having a seizure; it's just not visible because they are paralyzed.,fear
"Really visually haunting though. For me, it makes me think of strange alternate futures and dystopian sci-fi worlds.",fear
That Man has one of the coolest tattoos on his knee I've ever seen.,love
When that intro drops I get so into it and scare my cat,fear
stop hurting my feelings,sad
"[NAME] dude I see [NAME] so rarely that I forget that he's the OG ""Fuck this character fuck this stupid game"" king.",angry
I still can't believe those guys got nominated.,happy
"No compromise, the Democrats are finally showing some goddamn backbone.",angry
Haha I’m two edibles in and have shoveled twice...,happy
"Sorry, I’m out of the loop- are they on this season as well? I forgot about them",sad
Finale,calm
"Well I can feel it was mentally hard bringing myself to go full [NAME] and shit talking prior to the plate, but this is some cutting edge analysis.",fear
Oh my [NAME] strawberry watermelon menthol that sounds amazing,happy
"Thats great! Just curious, what game?",love
Never argue with religious people. You can't win. They think [NAME] is real after all.,angry
It would do us ALL a great deal of good.,love
"This is the first time I've finished something so cringey. I'm dead inside, thanks.",love
"Unfortunately you can’t control YouTube. It’s pretty bad out there, you just have to finish the episode ASAP.",calm
"I always laugh at the statement above. ""Qualified to give a urine sample?"" ""Huh?""",calm
Probably scared they’re gonna get flashed by a camera.,fear
I am vuri disappointed in you. You gained turdy pounds tis munt. Scale dont lie,sad
"Yes, I just watched it. Thanks man! Cheers!",love
thanks for the quick reply I am very bored. what anime do you like?,love
It's embarrassing!,sad
Haha I know the guy in the middle of the picture. Small world,happy
[NAME]... why you do this?,angry
"You know, girls really like it when you make things about yourself. It shows you care about them.",love
"It dehydrates your skin, just like smoking does.",calm
Does that have any bearing on as to why cats are preferred over dogs?,calm
Especially that “Australia ain’t gonna cop it” ad on TV god I hate [NAME],calm
Agreed haha.,happy
Lol. Thanks for the advice friend,love
"I like this title, fun to picture a violent lake stealing dogs! :)",happy
Interesting I wasn't aware of this. Maybe proving the undue hardship is difficult but technically allowed? I wonder what counts.,happy
"Here, we [NAME] are open books. Brutal, and often hilarious truth in every word we speak 😂",happy
Are you lost?,angry
As funny as a sinking school bus.,happy
Yikes that made me tense up. Not sure I was breathing. 10/10. Very painful looking,fear
") /sorry, the Excel formula part of my brain was driving me insane.",sad
Store them on a barrel in the ship and have to transport them in your bucket?,calm
Aha thank you!. I didn't know there is a ca one,love
i’m so glad you’re wrong lol,calm
Daaaaang I bet he had a headache after that,happy
Thank you! I call on Monday to find out when I have court,love
That’s when we realized straights dress like randomized sims,calm
Being interested in a developing game or mod has nothing to do with pre ordering or purchasing something in early access.,calm
Am I the only one that wants to see your art?? I love calligraphy! You might have a client here!!,love
Hey! I’m watching this very episode right now! Haha,happy
I discovered this channel last night! She has a video on Harry Potter and the end of history that’s really good.,calm
"Lol valid question, but yes. We've been using the bf and gf terminology for about 5 months.",happy
"No, a plot hole means that your story lacks logical consistency",sad
We just let a guy go last month - voluntary resignation. He was a great worker but didn't want to train others.,love
I love hearing other peoples stories about being high as hell watching drag race or being high on this sub. Y'all are my people.,love
"Well what is she gonna do, climb over the wall?",fear
They don't mean it hurts they mean it's just bad and awkward. It can feel good but is nothing compared to sex with experience.,calm
[NAME] is garbage in every single game he plays. He needs to be traded,sad
Are we seeking attention? Waaaaaaaaaaaaah!,happy
"Sorry, new at",fear
"I’m sorry, I’m my opinion it isn’t sweet.",angry
"Ya know, I hate lying but I guess I'd make an exception for this.",angry
Damn that sucks dude! Personally I’d fill the soil with barbed wire so when they stick their hands in they’d get nice and cut up,calm
[NAME] was horribly inconsistent this year,fear
"No sir, can’t hold them over a bowl for shit. Plus they make blunts taste weird.",sad
"cancer is incredibly difficult to get a vaccine from, since it is unique to everyone. Different DNA in each one. both are hard to cure.",fear
I didn’t get to watch!!!! WHAT HAPPENED!!!!!,happy
"in the words of [NAME]: As big as you're gonna get, so enjoy it. Had to give you a career to destroy it",happy
>Poly people look at the numbers and just see lots of opportunities ;) I like how that's put,love
"Just having a discussion and giving my opinion, don’t understand why you’re getting so mad lol",angry
"Wait, serious?",happy
But no sex until marriage is one of her rules,calm
I think it's safe to say I've peaked. 16/25 on the second half wouldn't all that surprising but I probably whiffed on [NAME],happy
Some of them will have to get new vehicles to meet the requirements. That means we get cleaner air. Where's the problem exactly?,happy
"Thank you, I appreciate it <3",love
"Ah yes, taxes=Nazism. You [NAME] sure are a funny bunch.",happy
"My point is, theres millions of men who aren't [NAME] tech employees who could theoretically be speaking out with no real consequences",calm
"Yep, I guess this is a no-go for me. Thanks!",love
I’m downvoting because it seems like r/iamverysmart material.,angry
I sorry know I can't watch it lol Edit: got 3 seconds in and had to abort. Walls started coming down.,sad
I'm sorry for you loss man. Truly I am.,sad
I’m super excited and waiting for the FOV slider to put on the live server.,happy
Incoming 20m a year contract [NAME] !!!,fear
"Me too, I'm shitting myself.",fear
I'd really like to see them together in something else. They have a weird chemistry that works.,love
"What?! Now you are just reaching bro. He's not even the best bodybuilder named [NAME], [NAME] has him beat.",happy
You'd think people who have this high an opinion of themselves would be more open to taking advice on how to beat certain matchups. Enjoy being a scrub.,happy
No that would be yet another mistake.,angry
Nothings better then 2 teams that know exactly wut happend/parents that saw the game two coaches and a ref no good lawyer needed rlly just those people to talk,calm
I like TRTL.,happy
Reminds me of Ross Lake WA,calm
"So happy for you! Keep dancing, dancing is freedom!! Something we feel we will never have again.",happy
[NAME] out? [NAME] is losing his mind!,fear
Good for you for shutting that door! You are not responsible for him. He’s a grown ass man who made his own mistakes.,angry
Worrying about [NAME] during a game is ridiculous. Especially when he's currently 6-11 from the field.,fear
There is something terrifying about petite crazy girls. LOL. The scariest girl in my middle school probably weighed 90 lbs. Everyone was scared of her.,fear
I was scared for that white building.,fear
This is exactly what happens when these fields are controlled by political ideology and not by a unbiased search of the truth.,calm
Damn I didn't realize we just locked up the season series against the jets. That's good to see.,happy
The only flight delay I’ve had at slc is because there was too much rain at lax,fear
yeh and the new ones just feel like reskin cod games sadly,calm
Which is stupid because conversations about race and slavery in America are primarily about race in slavery in America.,angry
*OOH* *AH* *OW*,happy
He was credited in commentaries as the inspiration for Cletus. I always loved the way he just wants that dog.,love
Because it was a terrible idea.,fear
The double standard. Taking pictures of women without their permission is taboo and creepy.,fear
One of my coworkers at my old job used to get a venti hot white mocha with 20 packets of sugar stirred in😷,calm
CHUCK THE WAGONS MAMA IM GOING WEST,calm
Nope I'm good to go! My goal this year is to drop a packet for warrant officer.,angry
we are scared on /r/bengals rn,fear
Respect for the pedes,love
"I worry that as soon as VR and AR take off, it'll be the nail in the coffin and we will be trapped.",fear
Boys this team is 🔥🚒,calm
You finally made a monkey out of me,happy
"Yeah seriously! I saw the controller and I thought ""don't do it, don't do it!""",fear
"Fuck this team. I’m done, we all should boycott this bullshit",angry
I wishhhh. She’s honestly what started getting me the fuck away from centrism,angry
What an insult to Pinocchio but the analogy is on point 🤥🤥🤥🤥🤥🤧🤧🤧🤧🤧,angry
Honestly scared to see what happens,fear
Yeah if you fall into a tree hole there’s almost no chance of getting yourself out.,fear
He rambles like a lunatic and she focuses on being called “not beautiful” of all things. Lol Uh oh I hear the downvote train a-comin’!,fear
That’s a rad gift.... I cried when he came back from cancer. He was my hero,happy
“I’ll never have a playoff mandate” go fuck yourself [NAME],angry
She already is. The darling that WTA so badly needed with the talent to back,angry
"I was just about to comment this. She might be a wonderful human being, but I have suspicions.",fear
"I think theres a line between edgy and racist that this meme clearly crosses. [NAME] is still funny, this is just racist.",happy
"Wow after that [NAME] turnover, I've never turned off a game so fast",happy
"This is exactly what I knew would happen with that photo. Ugh, this shit needs to end.",fear
I checked there but thank you!,love
"[NAME] being discussed as top 15-20 pick, [NAME] top 5 and [NAME] early round 2. This would be the most amazing draft ever though lol",love
*Succession* was fantastic. *Barry* too,love
Being bullied is what taught me I wasn't wanted anywhere.,fear
"Definitely was a nonononoyes for me there lol, I'm a horrible person",fear
Wow nice job. how long did it take? My Day is coming soon.,love
Sorry. I am avoiding arguments today. Enjoy the video.,sad
Fuck the fucking refs. Seriously. Fuck those fucking cunts. I'm so fucking mad. Fucking dickless fucking street walking fucking sluts.,angry
"They ate not hot, they are just annoyingly humid.",angry
"Wow, they are actually struggling against the Hawks for 3 full quarters.",happy
"Nowadays I get nervous watching Steelers defense. Back then, I couldn't wait to see what they'd do next.",fear
[NAME] just knocked him over but okay cool,calm
I'm surprised he survived the primary.,happy
"If you've got a problem with [NAME], then you've got a problem with me and I suggest you let that one marinate",love
I did. Thank you for your opinion.,love
So edgy.,fear
Its not the best state But its better than most states.,love
i’m fking crying lmaoooo,sad
"It was the only thing that changed. The weight gain, terrible acne, and moods... it was all nasty.",calm
Stop doing weird things,angry
"Oh yeah, I forgot about the mean one.",calm
Have you guys played Vancouver recently or has [NAME] found someone else to cut his hair?,happy
I dont think it will happen cuz he will probs just stay in GS or go LA with/ against [NAME] but I do think he should look into it.,angry
Obvious satire lol,happy
Seems like an odd hypothetical question to ask.,fear
"I think the comment is highly relevant, thank you for posting it.",love
Was injured a lot his rookie year too. And had trouble handling [NAME] duties.,calm
I'm 34 and disappointing my mother is still my greatest fear.,fear
Oh I thought it was something that was actually contemplated. My bad,sad
You have selected POWER DRIVE,love
...by the same person even,calm
I just relapsed after a 15 day streak.,sad
...silly walks,angry
World has Turned and Left Me Here.,sad
"Thanks, I hate reposts",love
“I doubt I’m done writing” Kill me,angry
"I mean I dont think your wrong at all, but I would still be happy to fight you for funsies.",happy
"Oh such a embarrassing mistake, or was it?",sad
wow that's dark,happy
"I wasn't meaning it as an insult or anything, sorry if it came off that way.",sad
I gave undeliverable perishables to a local fire department before,love
Maybe so. Should I try to ask her about it? I'm worried that will only scare her more,fear
You'll miss a begging old man asking for a spare coin. RIP,sad
You crush them up,angry
"Thank you very much, I must have missed these while I didn't have regular Internet access. Sorry for putting you on the list in error.",love
"omg, poor little bean",sad
"It means that [NAME] campaign colluded, contrary to them saying otherwise. Sorry if you voted to advance Russian interests.",sad
Going to jump sides 2nd half lol,fear
Holy shit.,angry
Lucky you got a sane dad. Get ready for a world of crazy... just don't get sucked into her toxic world. Good luck.,love
You look Beautiful! Curls are wonderful!,love
When has the Alt-Right ever been working class? Its always the richest white guys who are horribly socially inept.,fear
"That's like the US Democratic Party, right? I heard that they support the far-left National Socialist maniac known as [NAME] ([NAME]). ;)",calm
I was suffering a delirium flu during the phantom facemask game so it’s all sorts of suffering for me.,sad
"I am proud of you random internet stranger, you peopled good today.",happy
Damn these refs actually fucking hate us.,angry
[NAME]... Cur from Kindred says hi. (Order). Y'all remember JTT? Best guild ever.,calm
"It's not murder if he wants to die, it's euthanasia. She doesn't necessarily have to be the one to do it.",calm
"No pain or anything, I didn’t even notice it was gone until I looked. It was an interesting experience",happy
"Too bad ""incremental change toward reasonable goals via evidence-based policy"" doesn't work well on a bumper sticker",angry
Problem is that picture is there before you ever set foot in the cabin; [NAME] put it there. Just makes it creepy.,fear
"trust me, he's not.",love
I hate to break it to you but [NAME] ARENT signing here,angry
Banner price is down to 100k donuts. And I still don't have enough..... (sad face),sad
They wouldn't be entirely wrong...I know I'm certainly fatigued with the way Doctor Who has been going for a while now.,fear
No it’s ok. How does [NAME] feel about his mom hovering? Are there plans to move out or is this a permanent thing?,fear
"I like it, more please.",love
"I've been into cuckolding for many years, and I'm wondering the same thing!",happy
Dad's Army! Lol!,happy
"Where are all the memes about tops ending up with another top? Cause trust me, it sucks just as much, if not more.",angry
"This was a previously agreed arrangement a week prior. I don’t have unrealistic expectations, I just expect to be included in something that is pre-agreed.",love
Most people who call themselves anarchists are against the free market because they don't understand it.,calm
"No, you have the right too. Pretty crazy, but awesome thing we have. Freedom of expression.",love
I'd get the call of the void way too hard here.,sad
All I'll say is when I can smell it walking down the street it makes me very jealous.,sad
I agree with you here but I don't see how he is a sexist?,sad
i’m kind of overdunked actually,angry
"Lost his legs, what an idiot.",angry
"Exactly. I have yet to see a plus sized model without a blemish-free, conventionally attractive face.",love
"Although these are seemingly overpriced, yes, I adore these pieces.",love
"I’m not waiting for help, I’m constantly trying to fix it myself but it would be nice if [NAME] help came",love
Sticking a road in the middle of someone's land just to satisfy your OCD seems pretty cruel.,fear
PM me if you need more info. Good luck! Its tough haha,happy
At least you can admit you missed it,sad
You have to assert dominance or they'll never learn.,calm
The only [NAME] reference that never gets old to me os 'i just saw Manila girl',calm
Tis nothing but a scratch,sad
"Well folks, no more amputations for diabetics, as it leaves the individual permanently disfigured...",angry
So proud our sub is leaking into facebook,sad
Yeah [NAME] has won worlds,love
"The ""dad"" in that Pizza Hut commercial looks weird af",sad
Stop opening the pictures. Stop giving her the attention. Go no contact and watch her come running back to you.,calm
Just got a bit worried because it's always showed up instantly for me before,fear
Dude the speed which the cop came running is amazing,love
He was so apologetic the bulls couldn’t bring themselves to it.,love
"Yep, she's completely isolated. Part of the abuse.",calm
This fuck needs to sthaaaaap,angry
"Yeah, that was terrible. [NAME] laughing and joking at the end of that game ended his career here.",fear
Lol I hate this too!,happy
I believe we are playing them in June and November in the Euro qualifiers,calm
Wouldn't that be wonderful. You might be interested in this report on the divergence productivity and worker,calm
That's a pretty laughable response. Pretty r/iamverybadass actually.,happy
Whoever is against the queen will die.,fear
"At this point I am questioning your sanity, you compare a guy with 40/34 goal seasons to a kid who literally can't hit the net",angry
Because of this bad situation some people are afraid of becoming youtubers because of this,fear
"Yes, once I even deleted my account because I was so nervous about down votes. Lately,every once in a while I comment encouraging good attitude.",fear
Lol ok 👌🏾,happy
"I wouldn't be surprised. Where I live leavers quite often tend to refer to leaving the EU as ""leaving brexit""",calm
"Eh, 3. I don't know why. I told him this but he's afraid his life is ruined.",fear
In the comments he accuses the account of being fake and she proves her identity with photos and a link to her instagram. This guy is astoundingly pathetic.,angry
There are tons of great places on the fringes where you’re guaranteed good loot and a vehicle.,love
"I thought it described me perfectly well, almost scary accurate so I personally believe in it. At least for INTP.",fear
No problem! Happy to help :),happy
"If you sprinkle when you tinkle, be a sweetie and wipe the seatie. #peetoo",calm
"Says millennials are afraid of hard work, dismisses the hard work required to get a fit body.",fear
[NAME] brought in a guest writer for this so hopefully it gets rectified soon. I still really like DrawTwo but this has to be fixed,happy
Good puppy!,love
That's brutal. Hope they win to make it worth your while.,fear
Best of luck with your new religion.,happy
"KS looks like a prime target for democrats to prove that they can help rural [NAME], I hope that they do good things here.",love
"I can't imagine who IS, the whole thing is so cringe.",fear
Girls dog got bored fairly quickly.,sad
"Don’t take this seriously man, I was joking.",happy
"Oh yeah, I meant it ""doesn't work as an explanation for [NAME]"". Not that the concept is bunk.",calm
Chuckle worthy. It's funny. There's at least structure to set up the punchline.,happy
You’re only as young as you feel 😄,happy
Que the motorcyclist getting up and pulling a pistol out on the driver for “endangering” his life...,angry
"I'll be there! Should be an interesting foray into STOs, and is a sign of what is to come.",happy
Saint and Eagles was the only interesting game.,love
Yup this game just gets worse and worse,sad
"I've actually been teaching myself R lately for this exact purpose, I'm super excited to check out your book when you're done with it.",happy
Really? Wow I was sure they were huh. Even still I feel like he needs berserker light damage for that sword,calm
For a sub about motivation y'all are a bitter bunch haha,happy
:) this made me smile. I laughed so hard at the blinker fluid part. You and [NAME] are proof that not all heroes wear capes.,happy
Is this just fantasy,sad
"Starting super simple helps; compliment strangers! Nothing else - smile, compliment and keep walking your merry way. Hell of a confidence booster too",angry
"I know. Honestly, I'm applying to other districts. Tired of 56 miles round trip daily for a miserable job.",sad
"""Reasonable"" and ""unreasonable"" have been asigned based on who agrees with you. How egotistical. You are still being childish.",angry
“I still have a 7 year old” translation one kid is still an asshole 😂😂😂 Source have an 8 year old,calm
i'm curious where they would sell in CT? I have to imagine New Haven will have one. I cant imagine Fairfield County would get one.,happy
Yeah that happens t,calm
"[NAME] but probably secondly, [NAME] because I find both so boring.",angry
"yikes, as someone who dislocates things often ([NAME]), this scares me!",fear
"There’s a fine line between love and hate, you know.",love
Don't need to shout at them. Just a simple question. :),angry
"Sounds like a problem with how you are playing, not with the perk.",sad
It changed 6 years ago,calm
That’s crazy how much [NAME] dunks compared to the rest of these guys,calm
"[NAME] shot has been quite frankly terrible tonight, wayy too strong on most of his looks",fear
I work on a farm. I can confirm can be dangerous. I have a hard time imagining a scenario where being a cop is more dangerous.,sad
"Based on her other post she's young, pregnant and possibly homeless. Looking for help and advice.",love
From what I remember of the episode they actually kicked people out of their homes by having them condemned. Many residents didn't receive any kind of compensation.,angry
"If we flip it, it’ll be too expensive for you to illegally emigrate there and retire, grandma.",fear
This one tilted concrete square in my neighborhood that I keep fucking tripping over.,angry
"That's a lovely thought, really awesome of you. Don't know personally but you could try contacting the Seoul International Women's Association (SIWA).",love
Like I said please have a great day !,love
I wish. Chalk it up to a brain fart,love
I prefer men under 5’10 but I’ve never heard anyone piss and moan or call *that* discrimination.,angry
"Yea, I'm willing to bet the auto makers have known about this technology for quite a while.",angry
"[NAME] and others claim he was boxed in and had to call it. I think it was a mix of naivety, cockiness and flippancy.",calm
Why is neighbour spelt incorrectly?,angry
Yes thank you,love
"Her playing with fire, and getting burned. Stay strong.",love
Now were talking. Acknowledge our short comings and bring in a guy that is essentially a solution to most of them. Love it.,love
I have had a gf for a long time but still FA (no friends),calm
"yes please, would make thing less overthinking and stressful",fear
RemindME! 3 months,calm
Gas Crisis. It’s the best episode of all time.,love
"Yup, same as you but when I'm waking up. Too much effort trying to remember letters with little meaning when I'm waking up.",fear
I have silvered it as it was what I was thinking and they beat me to it hahaha,happy
[NAME] unborn grandchildren disliked that.,sad
It’s actually not. But i agree.,calm
Looks like the nightingale armour from Sky rim still pretty cool tho,love
>both parties are dumb >stupid tribalism 🤔🤔🤔,angry
"Damn, I didn’t see any monkeys when I was there! What a ripoff.",sad
Life Hack Attack has become Attack Everyone's Life and Hack. I love it.,love
"Hmmm Then it becomes about the wording of proposing to have dinner together, doesn't it..",love
No lights are a problem for the people in front of you. Not the offender.,calm
I do not want to dwell into an unfruitful discussion with a troll.,angry
No wonder I can not use my Visa card in China. [NAME] is doing the right things. China must stop its unfair business practices.,calm
I thought this was a torb skin and I was about to die,fear
We also one because [NAME] straight took that game over late.,calm
"oh i wish i didn't read that, [NAME]",sad
This comment doesn't make sense. I'm not sure what you're trying to say.,angry
"Celeste is one of the free Games with Gold this month on Xbox One, I picked it up, it's a great (super hard) platformer",love
I mourn for you anti-intellectuals,angry
"Cheers Mate, I appreciate that",love
this made me stop subconsciously breathing and now I can't stop thinking about it,fear
I couldn't reply to the message I got the other day,fear
A fellow [NAME] fan! 💗,love
"This will be her first non-numerical-titled album, so I’m curious what she’s gonna go with for an album title",happy
Go to highschool with the guys I went with. You'll get the hang of it in no time..,happy
The worst is starting out in a new relationship after leaving a failing one. You want to fall but you know how much the breakups hurt,sad
Nationally calling them feral with the implication that they had it coming less than a week after their deaths is even worse than spitting on their graves.,angry
"Adults seem to get more huffy than kids, who do go to school on their birthdays.",angry
I feel so guilty that this picture exists. I feel like I need to donate to charity after this.,sad
"As someone with a newborn, thank you so much! Good tip to have for sure!",love
It doesn't justify singling one guy out when the whole team played bad. Even [NAME] had a bad game.,sad
You got it!,happy
Lots of physical intimacy and sex almost every time we met. Never suspected that this would ever become a problem.,happy
Somebody is really insecure about their career decisions.,fear
Congrats! Vegan baking is still daunting to me but I will conquer it one day!,love
Hell yes 😁 I loved it.,love
"As a risk analyst, that's a terrible idea, Risk is too high and the benefit to cost ratio is not worth it",fear
Not really cringey. Its not really embarrassing for you i think people might just feel bad upon reading it.,angry
"I'm a firm climate change believer but jeez that was painful to read. Sorry, this is far from bestof",sad
YOU KNOW HOW MUCH I SACRIFICED?,angry
...and life can be very good when you free yourself from that fear!,fear
Here is their other hot wallet: the story behind,calm
[NAME] apologized to [NAME] and [NAME] about his comments. I don’t see the “I got hacked” comment.,sad
These people in here are joking about holding down and cutting their neighbors faces. It's pretty gross.,angry
Do you remember if [NAME] was carrying a white piece of paper? Oh yeah...you don't forget a thing like that...,calm
Yep. No more lead on the roofs.,angry
On PS4 it's very toxic. I would imagine it is the same over on Xbox One aswell,fear
Didn't watch it. I assume the invasion plan dead in the water because the UK has nukes.,angry
Neon carrot is amazing and great for your body.,love
"I’d rather reply to you, simply because you sound like an idiot",angry
"Well I got checked at the last Toulon game haha, so not the case.",happy
Calm down. What the hell. I just tryed to tell you that there MEIGHT be a different side to that story.,angry
This made me soooo uncomfortable yikes,angry
I'm still here so that's a win. Hope you're OK too.,love
The wolves have been bad for so long that I actually did completely give up watching basketball.,sad
did he give up out of embarrassment having knocked back chicago for us and then not getting to join us.,sad
[NAME] can actually be accessed via the DC universe steaming/comics service,calm
Oh no! We better stop now...before someone's feelings get hurt!,sad
"Sorry, I would like your comment, but it's at 666. And I just can't bring myself to change that.",sad
You are the parent your grandson deserves. Your daughter will regret the pain she has caused.,sad
I would actually accept this being a fun thing to do if there's such a thing as glow in the dark hot glue.,fear
It's just a human problem. I lose track of how many stories a month come out about some teacher getting caught sexually abusing 1-3 of her students.,angry
"I don't know who wrote what, but good call - the d's are completely different from one to the other.",love
"Good lord. > STATISTICS ARE BAD, WE MUST RELY ON ANECDOTES!",sad
My face imitated the Pikachu meme for a long time...,happy
"Fair, yes, [NAME] is against that, so a good transition on your part.",love
When you dint know Anarchism at all so you think you can be anarchist and capitalist at the same time !,sad
"Sorry this is the first time I saw it, I’ll delete it.",sad
People hate their everyday lives already. Let him do his 2-3 years and see for himself why it sucks.,love
Would love to own a deck like this 😍,love
[NAME] plays with [NAME] for 2 minutes and he's already doing outlet passes lmao,calm
I don’t think Bethesda is there yet but the next move they make is very important on deciding if they end up on that list or not,love
Says who? Comedians can joke about anything as long as it's funny to their audience.,angry
Plead not guilty and try your luck in court.,calm
Haha I should probably clarify it was family owned and managed,happy
And I’ll admit I am insane for allowing it to happen but the passion I have for this guy makes it hard to cut off all contact.,angry
I've seen muuuuuch weirder. But that was confusing as hell. LOL!,happy
"[NAME], [NAME], or [NAME] imo. But the cap is an issue too.",sad
Oh I'm sure you're fun at parties,happy
"I wish bojangles was nation wide, why isn't bojangles nation wide?",calm
So you’re telling me you think [NAME] is better than [NAME] whatever you say man,happy
"[NAME]: ""Wait a minute? You're on my list!"" [NAME]: ""What a coincidence, you're on mine too.""",happy
FEAR THE TURTLE,fear
All skin heads? Interesting choice.,happy
Disaster!!,fear
"Get em chief, fuck em, I find those people annoying as hell and I barely even use Instagram/twitter",angry
>You do realize that video is from a movie right? >Mentions [NAME],calm
Smoking a pipe whilst laying some pipe. Fantastic.,love
this off season is dark and full of terrors,fear
Happy new years!!,happy
Although every moment you suffer will last more too...,calm
Them or me? I like to catch up on it in the afternoon and drinking helped with the last few.,love
"Oooooffff. That's real awkward, but I mean that somehow still ended better than I expected so.. Kudos ig??",sad
I hope this becomes regular for you both. 👍🏾👍🏾,happy
The guy at the deli this morning when I went to get ham looked liable to collapse.,fear
Hooray! ...But I'll still never be able to afford a home.,sad
"This can’t be the end of the back, garbage TV! I’ll miss you!",sad
Don't do that i think its dangerous,fear
Is that Guildford? There always seems to be plenty of zombie-like pedestrians around town!,happy
I was in the top 3 on solo and lost solely due to buddy having 2 concussions.,sad
"This is reddit, unfortunately it's entirely possible he isn't being sarcastic",fear
"Yeah, the death of pharmaceutical producers seems like a weird thing to root for.",angry
Just made it! ‘03! StOp GrOuPiNg Me In WiTh ThE tIdE pOd GeNeRaTiOn!,happy
Someone with erectile dysfunction already can't (conventionally) orgasm. What the fuck are you talking about?,angry
I hope your struggle is worth it. Stay strong.,calm
It's the hard R that'll get you in trouble.,fear
Well first I need a girl friend. Multiple personalities are the next step.,calm
And if you ever make a fat cop joke on reddit then you're the worst criminal of all!,angry
"So sounds like she was raped, and she seriously needs to press charges, this bartender needs to be raped in prison big time.",angry
"Gnarly ballsack is the technical term, I believe. Sadly, it's just a face beard.",sad
I love [NAME] school of rock,love
They sure do love their fanfiction!,love
I really hate ginger ale. With a passion. The scenario in that scene makes me sick to my stomach.,angry
Its more of a suggestion its not in forced at all i doubt a lot of people even see the quiet carriage sign,love
thanks for apologizing,love
The duck looks very dignified. Some might even say he looks presidential.,happy
Wait did he actually do this? Seems like it would be insanely disrespectful to you fellow craftsmen.,sad
"Apologies, I should have been more specific. Where abouts is JD?",sad
Wonder how he feels about [NAME] now,happy
I’m so sorry. <3,sad
I hope this guy got found and fired. That's way too dangerous. He could have easily killed someone.,fear
[NAME] awful.,fear
WE FOUND THE HERETIC AMONGST US!,happy
This is the one picture that gives me mad inferiority complex.,happy
I don't want a president who doesnt know anything about foreign affairs....no thanks.,angry
"That's what I thought (landlord myself). Even if you rent a room to someone, still that's a bit extreme.",calm
"Ty! I was going crazy tryin it, canging things... i'l wait then :-)",calm
"It was not my ex, I just watched her in action.",angry
Born and raised in New Britain. Love these sodas.,love
*laughs in Spartan*,happy
Ewgh don’t remind me.,calm
False false false It's about having a good group of friends to go out with and knowing the right places to go to meet new people.,angry
I wish I could forget about the redesign. Sadly reddit is adamant about reminding me all the time it exists.,love
Doesnt mean it's scary for everyone. I've taken it twice and have had zero symptoms.,fear
"Just make a better game looool 4Head You shouldn't worry about valve stop working on artifact, at least for a year",love
[NAME]. They’re grasping for straws!,sad
Im oddly aroused,angry
Just hearing that thing's carapace sliding around and it's feet hitting the ground would make me vomit.,angry
>How do you know I didn't Because you posted this dumbass post. And only someone who didn't would say that,angry
[NAME] looks so defeated every time [NAME] posts him up,sad
Gets kinda itchy.,fear
"That's what I was going for, but I felt like replying with /r/woooosh was too much of a cookie cutter response.",calm
im here for blood only whether it comes via hostage situation or police chase. a peaceful ending doesnt do it for me anymore,angry
I swear Denver has the worst sports media personalities.,angry
you have twice the courage I wish I had. well done dude!! wishing you all the best!,love
This happened to me 6 months ago and I am still hurt and actively trying to talk to her... Idk how to stop,fear
Wow. If it shows calls on the bill then what good is it? Glad I asked...,love
The Blackweb screen protectors have saved my phone more times than I can count.,love
"Submissive? ""she’s a [NAME] so literally it’s like a brand new car [NAME] has blessed me with."" You're disgusting.",angry
Let's not forget that local politicians don't like it and give them hell for their efforts.,calm
I had a choice between him and obj at 6 overall and I’m glad I went with [NAME],love
I actually feel assaulted by this video.,sad
"Your mental health. You might think its fine, but having to live a double / fake lifestyle is wearing on the best of us .",angry
nah. YOU will get it when you're about 20 years older.,angry
"How he dropped that sheep, probably going to hell but i almost choked laughing.",happy
So jealous lol we don't get to enjoy in TN :(,happy
Well I hope it works out lol. We really need help in that department,happy
I have regrets. But I am trying to make the best of the situation.,sad
"Doesn’t matter if it makes sense, as long as the libs are mad you can say it",calm
"Nice picture, hope we keep him!",love
DO YOU HAVE YOUR PASSPORT,love
They wanted me to talk directly to them but I've been refusing. I hope our relationship improves quickly. I really do. Thanks,calm
Getting the second one out of the way as well 🙄,calm
">Some ~~drugs~~ people are just... Scary... Some drugs tend to bring out what's bubbling under the surface, so in that way, yeah.",fear
That town is sadder than [NAME] town. I don’t remember it being anything besides rainy or gloomy in Ohio :( poor yonathan,sad
Wendy’s sauce I hope lol,happy
Unreal. [NAME]- Expert level,love
"Don't worry, I forgive you.",sad
The word nourish makes me cringe now tbh,fear
Tell that to r/Polygrumps (very *VERY* NSFW) dude. They scare me more than this sub.,fear
That's the reason I am terrified to wear contacts on duty. I'm afraid it'll get stuck between my contacts and eyes and destroy my pupils.,fear
My new favourite bromance,love
"This is what I assumed, but I haven't seen any confirmation of this anywhere.",fear
Animal Crossing made my wife into a vicious and abusive murderer.,angry
"Thanks, so that's not what I need then.",love
Man that movie is such a classic,love
Why would you miss school because your dad is in the hospital? Plot hole like you read about.,angry
"I got to him pretty quick - he could have used a Trauma, but not also repaired in time.",happy
So you have your twin 6'9 215 pound forwards playing different positions? Interesting gm'ing. I see why the Hornets are so terrible.,fear
Just as easy to blame the other side. Maybe they should all sit down like grown ups,happy
"Its cool, looks like it has a dish drying place built in too",love
The weak should fear the strong,fear
This sub is filled with bitterness.,sad
I agree. It seems the recruiter is a poor communicator and I think that is where some of my apprehension is coming from.,fear
Just imagine Disney characters without gloves. Yes it's that horrifying,fear
I know but it just sucks to feel like this,sad
"Those pearls are the worst, ugh.",sad
[NAME] YOU SLIME,happy
I thought they were butt fugly,calm
Oh my [NAME] please no,fear
This physically hurt me,sad
"I'm guessing ""Corporate Stooge"" didn't focus group well.",sad
I’ve exposed on social media. It made me feel better so I don’t care what anyway has to say about it.,calm
Fat dont fail me now!!,calm
We always look so hot headed at road 😞,angry
Thanks ... its just to continue same and grow 😉,love
You didn't watch it to the end.,calm
Yet here you are mad about [NAME] being apathetic.,sad
"Lmao Chicago coach is letting [NAME] die, their backup would probably fare worse to be fair though",happy
"Nah, black bears are big scaredy cats Now brown ones on the other hand...",fear
Bottom right is the cutest,love
0 <----- This is how many people were surprised,sad
What this guy said but with a little more cocaine and a drinking problem.,sad
"I had hot dogs. They were delicious, lol!",love
BleachedAssholePink. 😂,calm
Fear mongering.,fear
The weirdest part is the underwear. My mom wouldn’t even let me and my sister share underwear. Something something hygiene.,fear
“Cracking himself up” nearly made me throw up.,sad
Oke thats really disappointing of him. Although his thoughts are constanly changing. He used to even be an ancap at some point.,sad
I'm asking if you didn't realize orthodoxy considers not Orthodox movements to be wrong. I'm asking if you didn't realize what the implications are,angry
"Yeah, and it was 20 years ago and now I feel really old.",sad
"Like women don’t have enough things to be judged on, now everyone is talking about our eyebrows..this is the most ridiculous trend to me.",happy
They’re disgusting people inside and out,angry
I think calling it a “meme” gives these idiots a little too much credit. They’re just weird caricatures done by alt-right idiots,sad
I would not feed her anything that would cause extra butt wiping. No effing burrito!,love
We could open a little hotel and fix up a beat up old boat up nice. Get busy livin or get busy dyin.,calm
It kinda makes sense. What’s the debate here?,calm
"I don’t know ,I kinda find this funny",happy
great show.,love
"Democrat politician, my bad should have specified. We are mostly all “liberals” here even if we’ve been alienated on this issue.",sad
That is not the typical sexual dynamic in western cultures. That's a crazy asshole.,angry
Redpill is a modern name for an old sentiment. And anyways Matrix came out 20 years ago.,calm
"I mean, I hope so. I bought his jersey, which would be embarrassing if he was out the league in two years.",sad
Cried when [NAME] and [NAME] gave each other a big hug and [NAME] lifted him off the ground.,love
I wish they would put dfs in for [NAME] right now,love
I’m so fat my nipples just kind of hobble slowly across the floor then fall over,calm
Outwardly projecting someone you aren't internally sounds exhausting. Hopefully coming on here will provide some form of relief for you.,happy
The demon's still fighting!!,calm
"BREAKING NEWS, local bartender found chained up in drunks basement!",sad
This is literally the *only* thing I know about warhammer orks and I feel kind of bad about that. It's the coolest concept: faith-based technology.,fear
fuck the caps!,angry
"I didn't call you a [NAME]. Your use of Nazi-adjacent statements is extremely sketchy, though.",angry
"Ironic, since cleaning your room is what [NAME] is always on about.",calm
Now I just want to see every scene with [NAME] in it with [NAME] following him around playing the theme.,love
bored waiting for the game [NAME],sad
"Not really, more of a toxic poverty problem. Women get overworked too.",sad
"I mean, he did believe in a clearly terrible [NAME]",calm
Maybe he thought they meant HOKEY!!!! Like “the hokey pokey”. Lol,happy
Oh my god are you [NAME]? If you are I am huge fan. I completed the IX EE earlier today using your guide,happy
It’s tough to adjust when counter-battery is incoming. They’re just hoping for that one-round FFE.,calm
Can't clear anyone of something that never happen or that they never did.,sad
What a game.,happy
"As long as the ink isn’t on a contract, I don’t listen to any rumors. Waste of time",angry
Part of being an adult is putting awkward on the back burner because some things are more important and need to be said.,happy
"Another bad essay by me, sorry for butchering anarchism, anti-ableism and anti-psychiatry but I hope I got the point across :p",sad
"You know, unless you die.",fear
Those are hoteps. They're delusional idiots; no one takes them seriously.,angry
Wow thanks I gotta try this!,love
Well one of our leading candidates is [NAME] so it's not like we're killing it in our search either,calm
"Don't ""neg"" the university (or any university) and don't write about doing illegal, unethical, or immoral activities.",sad
"But we love how they enslave, rape and decimate civilizations in the name of [NAME]. You guys just don’t get it and are probably racist.",angry
"Wow, you weren't instantly downvoted hundreds of times. The omniscum must have had a salad once and got a protein deficancy.",calm
"Sorry, your diverse, inclusive baby was aborted.",sad
I'm also scared.,fear
"I’m excited to see [NAME] come in here. I hope he plays some more quality, aggressive minutes",happy
Add to that the balance mess.,angry
Oh my [NAME] I saw the rocks below the dog and feared the worst!,fear
"Thank you. It doesn't sound so bad, at least on paper.",love
"Haha imagine if that limo in Vancouver where him, [NAME], and [NAME] were shirtless had a dash cam.",calm
What if she’s also the franchise owner who likes to get to know her customers better?,happy
"The fact that this podcast isn't called ""Z-Targeting Dio's Balls"" disappoints me greatly.",sad
"No i know, was pointing it out for humor, not for any sort of accusation",angry
I've been watching too much my 600lb life...I instantly hear dr. [NAME],sad
"Wow, I stand corrected, it's *even worse* than I thought!",angry
I would say the same thing except I can’t cuz it didn’t immediately fall and everything break.,sad
People are afraid of change. And being in a DB destroys your confidence and self esteem.,fear
As guaranteed me under the terms of the Good Friday Agreement.,calm
ROLL THE DICE,calm
Glad to hear it :) definitely more on the way!,happy
"That's what I tell myself, too.",calm
Japan shouldn't have attacked the USA.,angry
Thank you for this! :),love
bless his heart,calm
I love how people downvote you because you are right. It's okay dude for honor community is a hive mind of braindead plebs,love
For the love of all that is good get rid of these people already.,love
"I'm so disappointed you didn't include [NAME] ""I'm standing under the source of the bull shit"" [NAME]",sad
Also do something special no matter how corny it might be to reward yourself. You deserve it friend!,love
I've seen this multiple times and wonder what happened to her after this.,happy
Women wear makeup to threaten other women. It has nothing to do with men. Same w all their weird mutilations.,fear
what is cringe about this?,sad
PRERECORDED MESSAGE: I'm sorry. I'm no longer responding to messages on this thread. Please direct all further questions to your future parole officer.,sad
"And then you're stuck on that medication for life, sounds like a scary trade-off.",fear
I can’t think of any at the moment but I just wanted to say I love [NAME] lol.,happy
And then in a weird twist her family tries him for murder. Haha!,angry
That’s what I’m terrified of.,fear
He could run for President of the US and WIN!,happy
"It's like Guatemala, but instead of the US it's Mexico... disgusting",angry
Its almost as if everyone is too afraid to be politically incorrect to admit that height and race are a factor.,fear
"Yes, listening to loud noises can damage your ears. Temporarily and permanently.",fear
I too am a vaginal flap surrounded by useless flesh. Let us fly into the sunset and get raped.,sad
What's up with all the gloating.,happy
Watching Shark Tank makes me wonder how so many people even made it out of childhood with their thought process.,happy
"I am so upset for you and your family. She knew what she was doing, which makes this even more horrifying.",sad
It's like someone painted an abstract nightmare I had once.,sad
It makes us more determined to tank for Zion,love
I laughed so hard at this. 🤣,happy
"There's also the option of ""who cares? Ship and let ship"" but okay.",love
It scares me that left to right is also possible for anyone,fear
Because sometimes the middle is still wrong,angry
Imagine my shock,calm
"Thanks for explaining it! I’m not sure why my comment got downvoted. Without context, it makes no sense.",love
"> [NAME] mother allegedly vandalized [NAME] grave, stating that she had ruined her son's life. No....",angry
OH MY GOD!!!! The poor parents must have gone from gutted to PISSED in a matter of moments.,sad
Love ignores poverty,sad
Better late than never sadly I can see another label scooping him up,sad
And both are women... His lineage exists because of two foreign women. Take that in.,calm
"Yeah that’s one of the things I’m most worried about, still hopeful!",fear
Thank you. We literally had stopped her an hour before she made her break.,love
"Hi Tired, I'm Dad. And I'm very disappointed in you for following your older brother's example and becoming a trap that poses for /b/",sad
Thank you for your kind words! Your energy is contagious!,love
I'd almost rather a criminal have a gun than this guy.,fear
>[NAME] Well he forgot to save me from the 'word of hella'.,happy
soon i’ll have an army of karens and no one will be able to stop me,happy
[NAME] WOULD NEVER USE [NAME]! HE'S A GOOD BOY!,love
Lovely act of kindness🤗,happy
"Any one of us could be a journalist, and that level of journalism feeding the masses is mildly scary.",fear
"[NAME], what? That's pretty hilarious and disgusting.",sad
You’re so close:) hope you can get one,love
If you are reading this have a nice day!\xEF\xBB\xBF,love
"i know! its like, im fine if you eat rabbit meat. just dont brag about it to someone who has a pet rabbit.",calm
That poor girl. She wants to run in the rain and her mean ole momma won't let her. LOL,happy
"Wow, for some reason this made me really uncomfortable",sad
"Man, such a shame we only got three movies. They really didn't wrap up all the plotlines.",sad
"> freak degenerates who live to subvert all [RELIGION] values and Prods What? Are you for real? [NAME], tell me it isn't true.",fear
"omg, id cry if this was my store",sad
"YES PLEASE... I thought they did a while back but maybe not. Either way, they should! Very annoying.",angry
"Let’s go [NAME], prove everyone wrong.",calm
This was such a pleasure to watch. I wish more episodes were like Brianne.,love
"It shouldn't surprise you, since you're here.",calm
Arghh! There's a dinosaur loose in your house! A dinosaur with Tippex eyes.,fear
He probably banked on the inherent secrecy of the community and ignorance (on Belgian law) of his victims.,angry
...which means they will likely face some negative repercussions after the downvote brigade wakes up and buries this post.,calm
"My phone won’t let me open the article, how much did he win?",calm
This is why I love this subreddit.,love
This looks like don't hug me I'm scared,fear
"""Oh ho ho! Delightfully devilish, [NAME]!""",fear
[NAME] makes me want to punch ugly pillows.,angry
"Okay, fair enough, though the vid worried me about the level of grinding in the game",fear
"Hahaha, ok. I was worried there for a second....",happy
I didn’t like that blue & yellow until you said [NAME].,angry
[NAME] was autistic BOOM,fear
Those lines were an embarrassment today. I couldn’t not believe it.,sad
Yes! And the one who embarrasses you by dancing and singing in the car while she's driving you and your friends home.,sad
"It's strange i don't understand how work reddit, i drop a link when i create a post but it doesn't work",happy
I look fine af 😜 and yourself?,happy
Guns go off accidentally all the time. Don’t point them at someone unless you plan to kill them.,fear
Looks kinda creepy when you keep watching,fear
[NAME] sure are afraid of brown women.,fear
I definitely liked him last game against Houston. Hope this is the new AG!,happy
HOLy SHIT I HAVE KADRI IN MY POOL,angry
Seriously! Such an odd way to ask a question about traveling.,happy
But it does? Admittedly it does take a couple days and a few friendly reminders,calm
"Choose wisely, you ....",calm
Wish you did more. Sounds like she deserved worse.,angry
[NAME] why would you blow your load on your fucking suit with fur on it,angry
My cats are single so I can't say I was the ONLY one but at least I had a warm body snuggled against me last night. 😳,calm
I'm hopeful but going in with tempered expectations. There have been some remasters in which I was really disappointed. BioShock comes to mind.,happy
"yeah, there's even more registered online. scary.",fear
Makes sense as [NAME] was out the last 5 games. The first 8 of the season [NAME] was sacked or pressured on nearly every dropback.,fear
"It just has to be ""unequivocal and unconditional"". ""Good faith"" was from the Advocate General opinion, not the Court.",happy
"Come on [NAME], time to step up",calm
Scary times we live in.,fear
Hurts to read :(,sad
"This guy hasn't learned his lesson. Bake 'im away, toys!",angry
Done and done in the memory of [NAME]. I am sorry for your loss.,sad
[NAME] black?,happy
I appreciate his deadpan humour.,love
Poisoned by his enemies.,calm
Please. Sorry.,sad
I'm so nervous!,fear
"Tour child is a genius, that would be awesome",love
Y’all out here really believing this and I think that’s the funniest part,happy
This is so unsettling.,fear
Life is Strange is terrible. Absolutely zero gameplay...,fear
I see wat you did there.,calm
"Something something don't fight what you hate, save what you love.",happy
"Aww... she'll probably come around eventually, I'm sure she was just jealous of [NAME]... I mean, what woman wouldn't be! lol",calm
Its mr. Clean your room. This guys pretty whatever but comments from people who love him read like copy pasta,love
"Chernobyl incident has scared everyone to death about nuclear, I'm curious where we would be if that never occurred.",fear
this take can get the fuck out. that bulge is sacred,fear
I'm not ready for that so I won't believe it,calm
"Germany is the first country in Europe I've been to! Planning on Ireland next, and maybe Croatia(hoping for Germany again, though :) )",happy
I fat fingered it haha I meant 18,happy
I’m curious as to how many people they’re going to interview for the OC job. Maybe 2-3?,happy
"My daughter loves this! She's taking a bath rn singing ""fiire""",love
"You lost me again, I don't know what sex selective imprinting is. Let's not get off track. Still waiting on definition.",sad
"""She'll ruin your life either way.""",calm
I don’t believe so. I got it when the Dead Sea Scrolls exhibit was in my city.,angry
Poor attempt for karma I think,sad
I’m gonna make that a sub. Too many juicy targets not to.,calm
I'm trying to understand the cat shirt.,angry
Yes. I got accused of being a man or a bootlicker because I was a mod in a men's lib sub two years ago.,angry
That's sad. You can be acquaintances with women. Not like you are driving them to the nail salon or something .,sad
Your husband isn’t at all worried about your reputation since he’s the one who spread the lie. Something to think about,angry
"All of the ones regular people have, just applied in a more logical way I guess.",happy
"Mmh, I love the smell of thought policing in the morning.",love
What the heck did I just watch,calm
I buy and sell iPhones and January has been slow for me too. Good luck to all of us.,happy
Yep! The artist also has one where he's plowing a blue Incineroar and it's one of the best things I've seen.,love
"You fruitcart, you oughta be ashamed of knowing that, let alone expecting anyone else to know.",angry
Funny how the [NAME] leaves the most important item out of their article headline.,happy
"I basically know nothing about him, not even how to pronounce his name.",angry
I wonder if NBCSN allows for the crowd to take more of the sound space,love
"Nah, rest is pretty cringe too",fear
wtf i hate [NAME] now,angry
BUT SHE WENT TO A HISTORICALLY BLACK COLLEGE AND IS PART OF A BLACK GREEK SORORITY!,calm
I'm so sorry,sad
"roll a blunt, walk over and strike a conversation.... or mind your fcking business",angry
And yet you're still not making me regret being a TV hodad when that was on and so missing it.,sad
"Mine is when my husband says our daughter’s emphysema is acting up. No, husband. Her eczema is.",angry
That doesn't look too bad.,happy
I agree. I've been passively thinking that the left and right axis is irrelevant. Its north and south that divides,sad
AMN is absolutely good enough and [NAME] is also very highly rated,love
In case anyone is wondering.. the money was a 20$ tip. Edit: 200$. I’ve been corrected.,calm
It’s a pretty good guess for most college students in the south in my experience.,happy
I have a good feeling about the ability to be a left handed gunslinger.. please Rockstar :(,sad
A girl that ugly only liking me isn't a compliment its an insult and it shows [NAME] hates me,sad
"Lol, try harder next time bud. Your swearing really shows who is actually mad here and your stupidity is starting to get really grating.",happy
"If you’re you and comfortable, you go, girl.",love
Are you this awful about everything that isn't your own preference?,angry
What a horrible person,angry
And [NAME] and [NAME] played when goalies were not as good,calm
"Well I was trying to imply that *because* they hire trash writers like this, they *aren't* a respectable news organization.",angry
"The ""people's assembly"" is the latest ruse by neoliberals since they realised they have little chance of winning if another referendum was called.",calm
> this teams been appalling for a month now They're 7-7 in the past 30 days.,fear
I tried to but i ended up booing the postman,sad
And then you see some idiots in the street walking with their speakers listening to reggaeton out loud (at least in Spain).,angry
Her communications director his now working for [NAME]. Get ready for some more cringe,sad
Thanks! I ordered some and let them know I'm traveling so I think I'm pretty set,love
"If I ever need a good laugh, I watch the apology video.",sad
"That's professor [NAME] to you, savage!",angry
"neither did they, but when they found out... oh boy",angry
"Right, but their wages *are* lower *because* they get tipped.",calm
Happy birthday 🎂!!,happy
"""The first step, is to put on a set of vicious stilleto claws. This doesn't make things any easier, but it does build character""",calm
That's gotta cut deep!,calm
I love how his armor got bigger and bigger as he got progressively fatter.,love
Don't tell us. Preaching to the choir. Go to the mommy subs were everyone thinks it's a great idea to breed.,calm
I want to so bad it hurts. I guess I'm just scared.,fear
Then she is just passing her bad habits forward.,angry
Her skin is glowing! Love the eyeshadow too.,calm
Imagine thinking the government only pursues one file at a time.,happy
"“Our decaf is like really good tho gurl, you’ll be okay”",love
"This right here is the reason why the whole ""can't do venti nitro because of the caffeine"" excuse is bs",calm
yup it may be me!,calm
is this sub scared to talk about [NAME] getting arrested,fear
Most parents do that to make their kids take vitamins and eat vegetables. Who cares?,angry
Probably fans of aftv. Bunch of utterly dirty cunts!,calm
All these women are going to have a tough time supporting each other while they explain to the American public why their competitors are unqualified,angry
Because I have no self-control and I hate myself.,angry
[NAME] bless you. Some of us are barely hanging on...,love
So shocking a couple in their 20s in counseling isn’t going to work out.,happy
I focus on the pain,sad
Ya I have rain barrels out in the region and it's crazy how dry this winter has been. Totally abnormal.,calm
Apparently America is 400 years old according to him as well.,calm
That would be fantastic!!,happy
"Yup, I'm sick with a mild cold",sad
I would love to accidentally get muscular... Instead of working my arse off to lose fat at the moment.,fear
Not really cringe. Just sad.,sad
"Thing is, some fans will *never* be happy. There is nothing that can be done to please them. That's the problem.",sad
The only difference between [RELIGION] and [RELIGION] in this regard is that on average [RELIGION] are poorer and browner,calm
"Well, since everything in Australia wants to kill you, I'd say it is quite healthy to be afraid of Australian spiders, and other flora and fauna",fear
"Ok, will do man! Thanks. Edit: I forgot to mention I heard her asking one of my friends about me and it sounded like she definitely likes me",love
I can feel his cheeks puffing out.,fear
Everyone panics when they are on fire.,fear
We have ungendered/mix sex bathrooms and I'm pretty sure people void and defecate in them too.,sad
"Shame Saints aren't even going to get a LBP out of this game, feels like that's the minimum deserved",angry
Having money and a job aren’t the only determining factors for success.,angry
The fact that this being brought up makes it a real scary feeling.,fear
But all this does is hurt the average person not the right way to raise money.,sad
"if my legs looked as good as the dude in the red, i'd be rocking shorts like that too",sad
">I have, on multiple occasions, enjoyed sipping on my flask of scotch at Bowness",happy
Guess it's a good thing he cant feel them anymore,happy
He’s our puppy. He likes to show us stuff he finds around the house. This time he found money bag. We forgave him,love
"Toe boards missing, tripping hazards and netting not in place. You better have a retractable lanyard on that phone. Get back to work hand.",angry
Oh wow!!!,love
Curb your enthusiasm theme.,angry
"Why not, I mean [NAME] is a child who likes to play with puppets.",angry
Great advice here. Good sleep doesn’t “just happen” with kids. It’s our job as parents to guide them.,love
For sure...sometimes I feel like I will just evaporate into nothingness as the stranger in the mirror looks on.,sad
"[NAME]: ""I wish I won't get robbed of a victory again"" [one finger of the monkeys paw curls]",love
Hope you get “at are it again”,love
"Have fun toasting expired marshmallows in hell, lady-killer POS.",happy
Thank you mate.,love
"Thanks, bud!",love
He really is so beautiful.... on the inside 😊,love
I ... I like you,love
I asked at the Bodies Reveled show if they used prisoner bodies.. I got an awkward no.,sad
"If he didn't know the damn roster so well, I'd have assumed he was a Pats fan troll.",calm
Cray to the crazy,happy
She reminds me of my crazy sister. Just a ball of nervousness and constantly just on the verge of crying.,fear
Alexa play Sad!,sad
I feel the same at 5 feet 9. Feels bad,angry
Man’s a dreamboat. An absolute moisture factory.,love
Her parents are raising her to be a terrible person. Fantastic.,love
"Yeah, for sure. I've definitely come pretty close to panic attacks at the dentist as well.",fear
"i heard it was like 300,000 german pows he just sprayed down after shooting his 30 round mag into them.",sad
"Lol, I’m so sorry for u. Do u go down on her a lot? If so she need to give something too...",sad
This is one of my favorite details/hidden views in the entire city.,love
Interesting to point out cognitive dissonance while also showing that you possess it when it comes to the president!,love
You’re a liar. 😂,angry
Real. I did it yesterday when there was a large spider trying to hitchhike in my car,calm
"I am from Darwin, and can NOT confirm that ""Darwin has a surprisingly high amount of good looking women"" Must be hanging around the wrong places",happy
I don’t see anything awful on her. She’s old. That’s it.,angry
"Weird, FBI did an investigation and proved that never happened. White knights make me cringe.",fear
"I would applaud, but a polite golf clap seems more appropriate. Well done. 👏 👏",love
So sorry for taking forever. Do you have an Apple device? I have given up on converting to google sheets.,sad
oof I hope he didn't break his arms landing like that,happy
I would be impressed if [NAME] ate 15% of his weight every day I wish I lived in a state where the contest was valid. Stupid NY,happy
I wish I could be desensitized to my sadness sometimes lol,love
I'm a nasty ho,angry
Why is this still not banned,angry
"Oh man, okay yeah i was wrong, thank you for correcting me",love
Ding ding ding! We have a winner!,happy
> I'm sure there are plenty of us who have been through it to. Seconded.,calm
Ya ikr. I’m tired and idk how to take what’s goin on.,fear
"Oh it's a well known phenomenon, unsure exactly what it is but I think it's a bit of princess syndrome with mental posho co morbidity.",happy
"You consider 15-17 year olds people too!?! Thanks, i suppose!",love
"Everytime I see something in this sub that looks sharp, I get very worried.",fear
I knew this was a Shitpost before I clicked it. Is this an INTJ thing btw?,calm
I get scared just reading your flair,fear
It's very hard to un-brainwash someone. Damn near impossible,angry
That's exactly what I said and not arguing in bad faith at all. I applaud your intellectual honesty and hope your sexually repressed dystopia is swiftly enacted.,happy
"True, my bad.",sad
Moonbeam was trash but I am sort of biased because it's 16-17 a gram in Alberta,calm
Ignorance is the worst thing that can happen to someone,angry
[NAME] about to dip out real quick,calm
Thanks for cheering me up!?,love
"while it's debatable how big government should be, I'm glad someone isn't advocating for private fire departments again. that was such a disaster",sad
Royals can be prosecuted. Princess [NAME] was charged under the dangerous dogs act many years back the monarch enjoys sovereign immunity.,happy
This makes me want to get nipple piercings but I’m too scared to :/,fear
"No it's not crazy , there are parts the we still don't understand but for the most part everything mades logical sense.",angry
This hurts my brain,fear
What a terrible list,fear
What’s a matter? I thought you liked faces.,love
"Eh, sorry, found it, not my ex, thank goodness! Apologies!!",love
Maximum silly!,fear
I don’t know how to link but if you search within this page there was a whole thread on it,happy
YIKES!!,happy
Thank you; I tried.,love
Lol! Exactly. ☹,happy
"Whenever a new guy apologises for taking a while to back i just tell him it takes longer if he hits something, so no worries.",love
Theres the link I use you stupid fuck get the fuck off my post you fucking shill,angry
These folks have surpassed,happy
This grammar is horrible. Discovering something is a fixed single point in history which should have been simple past “was” instead of “had been.”,fear
Where did you hear this? Sorry I never heard of this and I'm kinda interested now,sad
Well that’s horrific,fear
"You can, but it won’t do anything for your ugly personality.",angry
Just do the steps and stop complaining.,angry
"If it results in killing [NAME], [NAME] is willing to be merciful and hold his wrath back against the kids.",calm
I am 33 and I still regret things I said in the 5th grade.,sad
Don't give away my zip code! Craft beer and fabuloso be dammed!!,happy
Suck really hard and hope it ends soon? And don't swallow!!! Bleck - sex is so much better with a woman.,angry
DO NOT SAY ANYONE OTHER THAN [NAME] IS BETTER THAN [NAME] OR THE PITCHFORKS ARE OUT,fear
"Well I'm scared as shit let's hope for the best, benz should be back(?)",fear
They REALLY dropped the ball by not playing [NAME] singing Sussidio,happy
Good idea. With the power of those two consoles combined we might be able to get the fps up into double digits,love
This sounds like the kind of comment my weird uncle would leave on my Facebook post.,sad
">[NAME] and [NAME] As alternate costumes of each other, right? Not as separate characters?",calm
"I can feel that already, I'm already getting pain at time with it, but I can only imagine the pain after for healing.",sad
Don't forget those ungodly concoctions with apple cider vinegar,fear
Better than showing weakness,love
i actually didnt know that there are people out there using quotation marks for emphasis until that weird [NAME] song,sad
"So funny, I just watched this one today and was struck by [NAME] in the height of his coked out glory. He is absolutely so gross.",happy
"These are good ideas, thank you so much.",love
Oh thank [NAME],love
I love when these self-proclaimed ones would hound me for more pics.,love
"Fake news. This video has been thoroughly debunked, here:",calm
"2018, more disappointment.",sad
i like how he just bursts in like DID SOMONE WANA SEE ME ROL OVR !?!,calm
I’m shocked at how big that defeat is.,happy
A guy tried to do this in France after the French Revolution. Did not go well.,sad
I’m cool with anything that pisses off someone as disingenuous as you.,angry
Sodaman going sicko mode,angry
"Oh, the ""Thomas the nuclear bomb""? That scarred me.",fear
"Yeah, I do this too. It's almost comforting. I'm glad I'm not the only one.",love
Liberalism isn't a problem for the GOP. The GOP is liberal.,calm
I’m sorry. If it was me- go straight to divorce and file. Why prolong the pain and abuse.,sad
I agree!!! His character has grown so much throughout the entire series and I was very disappointed that he ended up with her.,sad
Former Mexican president was taking bribes from drug traffickers we need the wall,calm
Anzac day rules are even dumber,angry
That's the exact person who would buy one of those,happy
Here Hope that helps!,happy
I’m drunk!!,calm
I was born in caul but my psychic powers haven't come in yet. :(,calm
[NAME] didn't want to deal with [NAME] (reasonable) and [NAME] had more foreign policy experience and credentials than [NAME] did at the time.,calm
I hope there is a special place in Hell for these people.,angry
I've found [NAME] are more weirdly religious about their hockey for some reason. Maybe it's confirmation bias.,angry
"I was afraid things would if we kept seeing each other, which is why I brought this up to her now rather than later.",fear
Good point. Personhood isn't officially granted until you become property/ a bond of the state.,angry
This has to be made as a satire of terrible memes . Like r/okbuddyretard material,fear
Huge goal for [NAME]. Big confidence boost for the mistakes from the start of the season!,calm
This is great,love
I cringe when I see [NAME] playing while we’re stuck with sensitive old [NAME].,fear
"Also, [NAME] growl/yelling/screaming at [NAME] in the sumo suit on beach day.",angry
Absolutely! The Republicans are craven,fear
"like I said, it's painful.",sad
"Dark and funny, but not really nice guy. He has yet to call the dead girls whores for declining to sleep with him.",happy
"I love that show, that theme song is my ringtone, I never thought I'd see that anywhere else haha",happy
"Meh, same branch of religion. Just opposing views on the sequel to the story.",angry
"When you feel nervousness, tell yourself it's just excitement. Makes a world of difference. :)",calm
If you are feeding your two year old 1200 calories then you are fattening them up for the stew lady.,fear
You are an awesome person,love
I love it here too.,love
"I’d say her knee is more done, ankle looks ok but I’m n doctor lol",happy
I'M MOTIVATED!,happy
> Just don't fake it or abuse it and you'll have no problem with it. clearly you have more faith in people than reality should suggest...,sad
"Oh, the horror! We must defend the honor of Lord [NAME] against the scum of r/NFL!!",fear
"Immigants! Even when it was the bears, I knew it was dem!",calm
Over thinking things on both sides.,calm
> the US is a democracy. It's not. Never has been and hopefully never will be.,angry
Yay!!!!! You’ve got this!!!!,happy
"No, YOU’RE crying!!!!",sad
"The montage of a man's career, there's so much said in these photos it is incredible.",love
"Tell us more about this ""scaring people as a prank hobby"" bit.",fear
Tell him to breathe quietly during the show or else! Ha ha ha,happy
>the silent majority This is the most ignorant thing I've read so far today,sad
Coffee is a nasal cleanser.,calm
This is absolutely beautiful.,love
This is extremely dangerous. And would completely marginalize anyone without a chip. Making it an absolute necessity for everyone to have a chip.,fear
"Mongoose actually mate for life, and he can't leave his girl behind!",calm
"Dad had a heart attack, but he'd been in a fight. Unfortunate circumstances.",sad
Some judges are just literally scum. Have those in Germany aswell. Unfortunately.,angry
"I mean, it’s kind of her problem. She blithely makes so many mental errors.",sad
[NAME] and I play with people with 400 plus spm and still play noobs please stop the excuses if you’re getting wrecked you just suck,angry
Lol just leave it bruh it adds character,happy
"Haha, that’s meeee!",happy
BRING BACK NITARA,calm
Needed this going through the same thing 4ight now and this definatley will keep me going !,calm
HAHAHAHA YELLOW FOR AZPI????,happy
I meant after he first suspected the incest and told [NAME]. He went to Dragonstone as he was afraid he would be killed.,calm
Rip [NAME] and [NAME] if [NAME] exposes everything to [NAME],sad
after that we had no sustained damage for the fight so [NAME] and [NAME] just killed [NAME],sad
"The stigma is justified. I dont care how you got it, it's still disgusting.",angry
I'm afraid that will leave Britain no better. Can't imagine the ruckus if remain wins.,fear
I'm scared because we don't really have any isolation scorers right now.,fear
"I blame all of y'all, y'all told [him he] was funny",calm
[NAME] GIVES BARRIERS NOT SHIELDS. LUCIO BARRIERS GIVE ULTS. HAMMOND BARRIERS DONT GIVE,angry
Nope...this master criminal knewe!,angry
All I want for Christmas is a broken home,love
Narcissism combined with pure idiocy leads to statements like those.,calm
Idk that looks like adobe gains to me..,calm
It's the issue with a lot of 'activists' who think all's they have to do is exist.,calm
Yea we’re actually pretty efficient on offense considering our personnel. Way better than I expected. The defense is just historically bad,sad
"My response would have been, If [NAME] sees me as unworthy, then I do believe that [NAME] would have more use for my tithings.",happy
Literally the Reincarnation of the Man who ate a Whole Plane,calm
"Actually really like this one Edit: nice shoes too, v annoyed at resell prices 😔",calm
OMG she reminds me of Ginger from Ginger Snaps! I'm in love!,love
that's a lot of karma!,sad
Black self determination and Black separatism isn't the same thing... thank you for proving my point.,love
I thought he had a cool [NAME]. Was only slightly disappointed.,sad
Dude is hilarious,happy
The amount of empty seats at the Orange Bowl was pretty bad,sad
Because they’re going to have trouble crossing the *language barrier*.,fear
Enjoy trading a potential superstar for the worst guard defender in the league.,happy
iT cAn'T bE sExISt bEcAuSE iT's a mErItocRaCy. -tech bro assholes justifying gender discrimination and systemic sexism,angry
I don't know how everyone is falling for this lmao. Cringing a bit.,sad
> its just there to make people uncomfortable and force a tip. No one working there really expects a tip in the first place.,sad
This idea is brilliant.,love
Watch it in German but use English subtitles trust me,love
So you could say that this is one of very few subreddits that manages to somewhat avoid political spins and that the original commentor is a worthless shill,calm
"Huh, and all these years I’d been *assured* “nobody” was coming to take my guns. Its like they been lying the entire time.",sad
But teres an increce in autims retas. With tah vaxenes.,calm
I don’t know why but watching this makes me super happy!,happy
"Yes, in my opinion they are perfect backcourt fits. [NAME] weaknesses are [NAME] strengths and vice versa",love
Warriors ruined him tho,sad
"Crisis centers are not only for battered women they are for abused women as well. From the looks of it, they are all abusing you.",angry
Hah. Thanks!,love
God [NAME] can't come back fast enough. I don't know if the fans in the rest of the league realize how big his loss is,sad
Man I love this team. No I hate this team. No I love this team!,love
"""[NAME] will be Turkey's Vietnam"" yeah, we saw how that went lol",happy
"Congratulations, you can into geolibertarianism",love
"put that mofo in a wheelchair next sseason, get some yards.",calm
"you are correct, but now it is over. and i cry",sad
[NAME] looked like he was having a heart attack the entire game... welcome to the madhouse lol,happy
"I binged that podcast in about 2 days at work. Amazing. The convention for Limelight, and how emotional they got for those poor women was heartbreaking.",sad
scared for sure... scared of how much money we're gonna have to pay him it's gonna be all the moneys,fear
That’s exactly how my non-union electrical company works ... it’s the funniest unfunny joke,happy
Idk how you can be definite about that considering [NAME] has never been rocked before.,calm
"This is so, so great.",love
"Oy vey, [NAME] 🗑 is gonna be *pissed*!!!",angry
Good to know everything is about average there. Leave it to H-Town to hold it down.,happy
Sorry thought you were the other guy that said it was a privilege.,sad
Yeah it’s the opponents club that should be scared of us! We are REAL MADRID!,fear
">so it doesn't seem like I'm a ~~whimp~~ wimp If someone actually says that to you, they're the wimp not you.",sad
"Manipulation. I love my mother btw, but this thing is insidious.",fear
"For us to be able to do that now, they would proably make us pay for it.",fear
I feel like most of us were pricks as kids,sad
Yet *I* get banned for saying you should downvote posts you don’t like. Fml,calm
Willpower. I have a lot of little compulsions I give into. Time to gain control over my day to day.,happy
"Yes, you're supposed to keep it. Like I said, its only when the voice gets out of control that you should start to worry.",love
nah he only had one good year really,angry
Myself and Mr. [NAME] agree small breasted women make the best lovers.,love
Yeah some kid in a BMW ran me off the road. I didnt just crash had some help.,fear
"Yes please. Take the cheeto too, fuck it.",angry
Shivering Isles is what DLC should be. Fantastic expansions of content that dont cost quite as much as expansion packs did.,calm
This is horrific,fear
[NAME] is good but he needs to never take a midrange shot again,calm
I'm on it!,happy
"Yeah, but nobody takes McD's hamburgers seriously.",sad
"The wilderbeast only hit muscles so they patches her up, cleabed the wound and gave her antibiotics",love
Could not agree more!!,angry
[NAME] the curse is real. This ones on you LeBatard.,happy
I know it's like this hipster phrase it's so stupid like you're not from the south you dumb motherfuker.,angry
That was my favorite PS1 game.,love
Yeah there's no reason to believe you staying up as a kid has anything to do with your current insomnia,sad
I’m still gonna wet myself if we get [NAME],calm
Because your considered “boring”. Girls love drama. It’s a thing.,love
"If they're not spending this year on [NAME] or [NAME], I have no faith for them to spend on big free agents in the near future",angry
Shout out to the clowns of r/hockey for voting [NAME] and [NAME] two of the most disappointing rookies two short years,love
[NAME] I hope so.,happy
Oh you know they’re BOTH going for it.,happy
PATS DEFENSE YOU ARE USELESS.,calm
I was freaking out watching this. WTF are the parents!?,sad
Because they want to. Why do you act like a goddamn weirdo about stuff like this?,angry
"Hey, I'm not saying it's autotune. I'm just fucking around. That long sample gave me a good opportunity to improvise.",angry
"Good, I was hoping I wasn't putting false words in your mouth.",happy
“Okay [NAME] you’re doing great I love you. Later can I have some pets”,love
I remember that one. It was so painful to watch,sad
I hope for the camera-man's sake that gun is empty,happy
I love seeing the crowd's reaction to that every away game.,happy
AKA great!,love
Lots of them to mature. Thank you for half baked?,love
"This one is by [NAME]! Your suggestion was funny to me, and you've been blessed with your joke being DR Onion #20!",happy
"did a fanspeak mock, wow I wish this would go down for us",love
...what? You're far more concerned with the o line than signing [NAME].,happy
Crowder is terrible... How do you lose that gunfight or not have the common sense to just run away,fear
HEY EVERYBODY ITS TAGGED AS A SHITPOST STOP CARING THIS MUCH. OBVIOUSLY WE’RE NOT GETTING AD.,angry
"I still enjoy the content here sometimes, but....finally! This post nailed it.",happy
If [NAME] goes back to the Nationals their lineup and rotation are going to be nasty! I'm still hoping he lands outside of the division.,happy
"Oh don’t worry, I have an oil for that",fear
That’s very creepy and weird. Hopefully this pup was not being carted around with ulterior motives.,sad
Running. That’s all. And then I hurt a major tendon.,calm
I think that's a reference to how fucking mad watching [NAME] makes people feel. ie shit [NAME] is playing and now I have the furies!,calm
It would actually make me more comfortable if someone did that to me,happy
If those people abandoned you for sharing how you feel then they are not your friends,angry
> Nascarist A person who specializes in NASCAR statistics.,calm
It’s ok. We forgive you,love
"Dont worry, im a carrier for an easily preventable disease, i'll just *fucking breathe on her*",angry
I can never refold the paper properly so kudos just for that!,happy
"It sounds like you project a lot of anger...maybe letting things go, relaxing and slowing down is your solution.",love
I discovered this show on the cnn docuseries about the nineties. What a terrible idea for a show 😂😂,fear
I wonder can they basejump to the bottom.,love
"Jfc, that's depressing.",fear
Seeing that knife on this subreddit put the fear of [NAME] in me,fear
"I once went outside with my eyes open, it was way too intense for me.",love
"I mean, a lot of animals I've seen get terrified of regular stuffed animals, imagine having your fears super sized like that",fear
Haha good to know in case I decide to go back to church. Some of those seats in that temple are so damn uncomfortable.,sad
I'm appalled that your roommate straight up destroyed perfectly good leftovers that way,happy
"I laughed at this harder than I'd expected to. Also, joke's on them when those turds freeze solid like everything else in the Midwest rn.",happy
Willing to replace [NAME] for Her,calm
Um....Yes? I would love it if everyone didn't believe in [NAME].,happy
I'd like to add spontaneously experiencing unending self-loathing because you suddenly remembered that embarrassing thing you did 3 years ago.,sad
Yikes. That sounds terrible 😢,fear
"I’ve always loved the art style of the author/illustrator as a kid, so I could see where you’re coming from.",love
"I'm always stuck in platinum because every match is a loss, no healer what so ever",sad
[NAME] always makes my day when he's yelling at the refs,happy
That entire family is so embarrassing.,sad
I've read an optimum of 3 years between live births and to wait 12 months if there is a miscarriage before trying again.,calm
I am so happy that sub exists,happy
I have a long term plan. I appreciate the concern.,love
Old man yells at cloud,calm
"I gotta say, that was a WELL fought period. I was worried a couple times...",fear
How is this any different from women who claim that all men are awful people? I'm sure you dislike it when women do that.,sad
"No, it depends on if they painted it, or wrapped some tape on it for a handle.",sad
"I’m seeing ‘bad gateway’, not the maintenance page.",sad
Well tbf [NAME] didn't know he was a father until later,happy
Thanks for the advice man ! Have a great New Year’s Eve,love
Please don’t murder me,fear
Everyone is a little toxic inside. I feel like killers being toxic comes from survivors being toxic and vice versa. It's a vicious cycle.,sad
Seems like you jerk off looking at mirror while you’re crying,angry
Yawn. They’re toxic together and their only trait seemed to be getting naked together.,angry
Ah the high life. Must be sweet.,happy
"Looking at that data, it suggests it fills up when the snowpack melts in the summer.",calm
A is just horrifying. If she were to die I’d want her to go painlessly,fear
Really funny how our FO liked the 2 of the worst qbs. [NAME] and [NAME] That’s why I’m skeptical about our FO now,happy
That sucks I'm sorry. Ive always been dismayed at how flippant people are.,sad
Thank you for that. I just want to feel safe secure and loved just once.,love
Who wants to muddy the water with facts... Ha,love
I've invested 9 goddamn years watching these twits. I'm going down with the ship.,fear
Happy Cake day.,happy
Please no hate it’s my first post bro please,fear
">Well, minus the interbreeding part. Eh, I wouldn't be so sure about that",sad
I’ll let you believe that for now. You’ll see what I mean in 3-5 years Have a nice night stranger,love
"Could be tripping or having an orgasm from dry humping, but it's pretty clear that they aren't full on having sex",angry
£20 per child?! That is ridiculous! You can’t buy much of anything for that! I am furious on your behalf!!,happy
Oh. Much less exciting than the edit. We live inside the fungus.,angry
PowerPoint would be nice,love
When America decides to care that they aren’t paying one of the military branches. Which will be never.,love
Hope you're doing okay!,happy
I feel the exact same way. It makes me so insecure,fear
"We have a lot of people flying in and out of the country. No change to the usual lines, so not bad at all.",calm
I did that my first day of middle school (got off at high school instead) but that's probably because I'm an idiot,sad
The miracle was just that. Because we all know the Vikings would fail the next game.,happy
"Oh, awesome!",love
Wow. You have literally no idea how American politics works. It's almost as if you're either a bot or a troll.,happy
Whataburger misses you,sad
Self confidence I think and the fact that I’m scared if I do give all of myself to some that they won’t reciprocate.,fear
"Oh, the show that had [NAME]? Yeah screw him.",angry
It’s one of my worst nightmares to have skin like that...I hope that person gets actual help,fear
Whoa! Very impressive. One of the better photos of Brisbane I've seen in a while.,love
"No problem mate. If you're looking for activities, give these boys a look:",happy
"np, good luck",happy
I’m so nervous!,fear
i never thought i would read the phrase 600 lb cinematic universe but i am glad i did,happy
"The questions are normal enough, but all at once and leading with them is a little weird.",angry
"after months on months of making gameoverse, he’s had no time. it’s getting the best of him now... pray for him",love
I’m on mobile and I can see them. Omg it makes me so happy 😂 never noticed if before either. iPhone btw,happy
I'll have some wasabi with tapeworms tonight thanks.,calm
I’m confused why the [NAME] tax is negative savings. Otherwise great stuff .,calm
Happy New Year everyone!,happy
And it was out of their control as well for both. That's funny,happy
There’s a weird [NAME] version of this where the person falls and finds [NAME],angry
Haaaaay it’s the NAGR Guy!!!!!,happy
Typo...RBG lol,happy
Coming from [NAME] even though it’s a hypothetical question it’s still gotta feel scary,fear
"Yeah like feminism! Not at all artificially inflated with terrible facts, information and school systems.",angry
"If he really believed those things, he was naive as hell.",calm
And then everyone clapped and cheered.,happy
I would love to see [NAME] play all 60 minutes but nah. [NAME] needs to chill.,love
And everybody clapped! Fuck this loser!,angry
Hopefully [NAME] falls to 6. [NAME] can start the season and when the time is right move on over to the rookie,happy
"Actually, I don't look a lot in the mirror so I can forget how ugly I am .",angry
Don't grab another slice of pizza. Maybe if they would've eaten the crust they would have not been so hungry. It's greedy and picky.,angry
"There. Are. No. Moderate. Republicans. Repeat this, nonstop, everytime she is mentioned. She is an extremist who pretends to be moderate.",angry
[NAME] will never do anything to help you. You must stand up for yourself.,calm
This reminds me of when it came out that the Hello Kitty! character is actually a human girl.,love
">majority I see Well yeah, I doubt many would complain for the legit ones",sad
"Didn't realize they were shipping the challenge coins with Israeli FAL rifles, that makes this whole thing even weirder.",fear
Surprised he didn’t get hit with a random drug test,happy
"Science has its role in a society. It should serve that role. It should not try to usurp morality, spirituality etc.",love
Thanks for the share!,love
I thought about it before. But I'm afraid I might get in trouble.,fear
I don’t even like [NAME] that much but she completely failed to engage with his work critically. Her interpretations of his arguments were shockingly poor.,sad
Now that I've gone solar I'll never go back,calm
"That’s fair, I disagree with you, but I’m not here to change your mind. Was just curious.",angry
"Yah, totally. It's just kind of scary when all you hear are loud extremes on both sides.",fear
"Will keep watching, have enough bourbon to keep sanity in check.",calm
[NAME] as if he wouldn't just cut the bullet in half,happy
Respect for the homepod I got two of em. Arguably bit overpriced but it’s an amazing product,love
That's a very...unsettling face.,fear
I predict one of them is going to be complete garbage and the other one gonna be competent with some critics calling it better than the original.,angry
What’s the chemical make up of a word? Yea thought so genius lmfaoooooo.,calm
"Wow, a Walmart Truck Stop. I think that would be outstanding! They should do that everywhere, I mean they already have the land.",happy
PROBABLY BECAUSE HE THINKS YOU’RE ANNOYING AND WHAT BETTER WAY TO END A RELATIONSHIP THAN A HILARIOUS FACEBOOK POST,angry
What is with people microwaving cheese on top of chips and calling it nachos?,angry
I feel a sense of unease tbh,fear
Get outta here and delete your post cause you're sure gonna look dumb in front of a lot of people other than me.,angry
Your team lacks ethics.,angry
that's horrifying,fear
Can I get this as a flair,calm
"Thank you, I love Heart and Zeppelin and haven't seen that till now.",love
What happened to [NAME]? I haven’t followed closely but I was under the impression he wanted to return but the club wanted to move on,angry
What is the protocol for those seeking asylum? Do they get a fast-track to refugee status if their asylum is granted?,calm
What a legend,love
"According to roadcam, everyone stops that far past the stop line and if you say you don't, you're a liar.",angry
"Yeah, sorry, I was on the mobile site, and wasn't able to delete it.",sad
I should be back tomorrow according to your GM,calm
The second half of the game was a big disappointment for me. I really wish they kept the family around for much longer.,sad
We have no other winger bro....,sad
Such a great moment. I love sports because you can always remember where exactly you were when great moments like this happened.,love
The biggest Nightmare,fear
I know how it feels. I’m just too Anxious to sleep.,fear
"I peed off my deck at -30 yesterday, very disappointed when it didn’t freeze before impact.",sad
i've never been baby crazy but goddamn if i'm not always craving an adorable puppy in my arms 😭😭,sad
I know! I'd buy this for my unit my coworkers would love it 😂,love
"Your body, your choice. Sorry it had to mean the end of the relationship. But it's better now rather than later as tensions grow.",sad
I may have undersold the amount of trucks. 😂,happy
I'd rather have [NAME]. Killing her off was a waste.,love
OMG this Extreme Love commercial. Yikes.,happy
I didn’t actually know that. I wish I was surprised.,happy
EWWW yes. This makes me shudder. All wet and gross.,fear
Yuuuuuuuuuup. It's horrible.,fear
FO need to pull the trigger ASAP. If he’s on this roster after the deadline... [NAME] help us,fear
Those turkey legs look delicious,love
"Saw bad guy, arrested same.",calm
[NAME] got bank...he's paying people to count his cash. He's doing fine,love
"What scares me is that now that this happened, they're going to try and find ways to take women's phones away from them.",fear
Interesting. I’m very against the death penalty.,angry
I wouldn't say that publicly. The guy is still alive and he's coming for you,happy
Thank you!!! /s,love
"I never thought it was at the same moment, but sometimes after [NAME] sacrifice... sounds logical",calm
I love it that they're filming this with a phone or something,love
Wow I can't wait to use okcupid to get myself a nerd/loser girlfriend who'll eventually become fat,angry
"You didn't write that very clearly at all. I Wish You Would is a cover anyway, and I highly doubt that was the point of the tweet.",angry
"This episode also had the segment where a paralized [NAME] communicates by farting. So, yes it is the worst. Lisa Goes Gaga is a close second.",sad
I actually found mine today! I will give it to my 1 year old,happy
"Poverty has taught me to be practically happy with being hungry, especially considering when you finally do eat you'll be in fucking heaven",happy
I too cuddle with this guy’s sister in law if his wife is tired,angry
Canadian [NAME] here to disagree with you. Politely. Sorry.,angry
"From what I've gathered it seems a dose is about 10-30 mg of THC, so I don't think you'll feel much.",happy
Being ugly and confident does not mean you'll do well in dating. You'll just try more.,fear
Just move on and find someone who will give you the same feelings back.,love
I have no shame in saying I still have my blanket from when I was a child. And a favorite [NAME] plushie.,happy
"I didn't know that, thank you for teaching me something today!",love
Thank you for your valuable contribution to the discussion,love
"I take Yaz to treat PMDD and it has minimal side effects for me: no acne, no weight gain, no babies. I hope this helps!",happy
No it's not. I'd bet his biggest crime was being an introvert. Low-inhibition psychos never seem to lack for female companionship.,angry
"Cough cough, r/gunners would likento buy you a drink for speaking the truth good sir.",fear
Lets go devils baby,sad
I am the same way. I feel your pain! Therapy and meds are helping me!,love
Yes. I often dream of death or further isolation,love
migraines suck. Hope you feel better.,fear
Let's keep it going! Make the rest of the team win it boys!,love
keep spinning that hamster wheel,calm
"Well, we need to know so we can get the fuck as far away as possible.",fear
Sacrilege! :-P,calm
Is this news? I don't feel like this is news.,calm
Available 24/7? You could put a ring on it and still not get that kind of service.,calm
It is 100% a scam. They've been copying many [NAME] with the same message.,fear
Would love to share this on twitt and FB ...,love
"This made me lol, I don't want to sound racist but.... *goes completely ham with the racism*",angry
"I think that happens equally with people that are or aren't interested, it's like a reflex to move on.",happy
that's like a kel'thuzad/kael'thas wet dream right there. Line them up for disgusting aoe XD,angry
"I think it's hilarious you guys think this will ""help"" [NAME] Yeah [NAME] was bad, but [NAME] didn't show very much either",angry
yeah see some of us come from youtube it's a horrible place never go there,angry
> no child should go without needed medical care. Or adult.,calm
Would be better if not for the stupid gas mask. Should have had it's own comissar cap instead!,angry
"You know what, I think we're gonna be friends. *Special* friends.",calm
Damn mods are just trying to offend everyone!,angry
"It depresses me that the Carousel revamp has been a popular answer. Thats not a change, that a sliding scale adjustment.",sad
"Wow. AP should find that video and flag whoever did that...deep, scary issues at play",fear
Almost totally gone... Let's see if we can guilt this loser into rescinding the medal,sad
"I'm pretty sure most ""pick up"" artists in Asia pay the girls.",calm
The my bad thing is hilarious.,happy
His watch has ended,fear
[NAME] nutmegger is taking the first shot!,calm
I’ve never heard of a vet adopting out pets before.,angry
Whoever made this is making Tokyo ghoul look bad,angry
Not at all. I'm not going to argue with someone who doesn't understand what a strawman is.,angry
SDAs are [RELIGION] tho lol,happy
"Well, yes and no.",calm
"glad she;'s back inside, tragic what shes doing to this dude and his family they r the ones picking up the tab.",happy
How random. I did that just riding around town for no reason and saw that lighting.,happy
[NAME] and [NAME] for Trout?,calm
[NAME] AND [NAME] ARE SO GOOD AT DRAWING FOULS ON 3'S,love
"He was standing there, they went up to him. Like have you not watched the video?",happy
Snatched her up with the quickness,happy
I’m starting to worry that [NAME] is not okay,fear
Whew. I thought no one else would recognize Mac Tonight.,calm
Hey daddy [NAME],happy
"Agree. Keep trying, then if your rejected every time. I'm sorry your done.",love
"I mean, it certainly is weird but don't kinkshame",sad
ya how dare anyone like live and breathe around you. another joy of life you must be in person,angry
Ah lol just run then,happy
The FBI wants you to stop asking questions 🛑 ✋,love
I always worry about my facial expressions. You're not alone there.,fear
"Omg, thank you!",love
"I'm sorry but [NAME], [NAME] and [NAME] are my favs this year (and I hated [NAME] in her Season).",sad
Someone who wants to do a couple of takes and it's just gone past 9,calm
"To this day, I get nervous reading anything with [NAME] name in it",fear
"Alright, thanks. I appreciate you taking your time to explain that to me.",love
I lowkey love the chicken and waffles from longhorn chicken. It’s a food truck in west campus.,love
That was horrible defending what the hell,angry
"From ""woohoo!!"" to blood curdling screams in a matter of seconds.",sad
I am mad as hell nothing is being done on her crooked ass her and [NAME] both. LOCK HER UP. LOCK THEM UP,calm
Whatever that means.,angry
What do you think is happening in the post? Read it again and describe your feelings,calm
And for pro-Syrian-rebel tweeting (which means anti-Western leftists): [NAME],happy
This isn't a meme its a cry for help,angry
Looks like Big trouble in Little China,fear
"Uh, no. Not even remotely.",angry
I stand by my point: why do you care what he does now.,calm
And that is what cognitive dissonance looks like. People do the craziest things when reality doesn't meet their expectations.,happy
"Wow, automated can collection is news in 2019? Literally have done this for a decade minimum...",happy
Venetian Snares x [NAME]. Amazing,love
My coworkers mood rn. Sober AF.,calm
I think it’s one of these softballs,happy
Still saddened by the fact that we never got to see prime [NAME] vs prime [NAME].,sad
No it's laziness. People don't clean because there isn't an immediate consequence and the reward for cleaning isn't large enough.,angry
Your stupidity and your attempt to reframe the argument when the facts are laid out clearly is astounding LOL,happy
You realize I hate trump right? You’re super annoying I’m not dealing with this,angry
I feel like [NAME] would be upset about this too,fear
"I don't think we've seen his full potential yet. With [NAME] we have, he can be really good. It's just rare nowadays...",happy
"He's a selfish bastard druggie, so we no longer care about him. Thank you for your condolences <3",love
"lmao dana just like ""i fucking hate my nephew""",angry
"The joke is that people still do this, so it is humorous that you are implying it's a thing of the past.",happy
"You’re right, my apologies, I must’ve misread it.",sad
Yeah I hope he can play against IU that’d be a huge loss,happy
What kind of source has that info but not enough to say what would come back in trade? Meh... I'll ignore this one.,angry
> I don’t think it is intentional though. You have been banned from /r/conspiracy,calm
"Korean is not that hard of a language as far as foreign languages go anyway Hahahahahaha, how long have you been studying for?",happy
Boooo Hisss :),happy
"Sorry, i actually lied, they thought it was",calm
I dated a Pens fan from SWB and can confirm this is very much a weird thing.,angry
"Damn straight. It’s a new year, and our troubles are just opportunities for future success!",calm
Very cool thanks!,love
Orange kitty has a bit of concern in his face.,angry
"EEEW as a strong manly man why would want any of that ^(^just ^push ^it ^down, ^push ^it ^down)",angry
Well. That's your belief. I know you and the next cant tell me how to raise mine so I'm not worried about all that.,fear
"I saw the one where he was successful, and wondered how many attempts it took.",happy
"No, honestly. I’ve never had this problem until now and I’m not sure what’s happening",angry
I'm just now going through the replies on this thread. This is the first person I've looked up on Spotify. Thank u for the recommendation!,love
There was a huge pervasive fear of nuclear war in the 80s among kids. I remember often waking up screaming from nuclear nightmares.,fear
You joke but people would believe it!,happy
Waterspouts might be one of nature’s most beautiful dangerous things,fear
I’m always reminded by my relatives on my birthday asking me if I have a girlfriend yet. Sorry bro ima yeet out of the social norm.,sad
Good call. Run!,happy
i just don’t think we are aggressive 100% of the time,angry
It's just you. Nobody has ever noticed. Except this and [this person.,happy
Well thats just mean.,angry
That’s adorable! I hope they stick with it!,love
I'm sorry for your loss. From the picture it looks like he had a great life if that helps,sad
I love how this boxy things is made to scare (common every show use that joke) but the queens is not scare at all.,love
Stimulating rebuttal!,happy
R u a dad or did ur dad leave u both have bad jokes,calm
"It's ok to debate and reevaluate scientific things. Really it is. Scientism however is the idiology, religion, that useful idiots and politicians are pushing.",angry
LN is flawed by design and BTCs limited on-chain capacity cannot carry mainstream LN onboarding.,angry
So sorry to hear about your abnormal growth. I'm now green with envy. Are there other celestial gods that can identify with existence?,sad
"While this makes me happy to know, it would probably be for the best if we didn't post these things where abusers can find out about them.",happy
That was [NAME] not Slacked.,angry
For you maybe.,calm
"Good times, good timessss lol",happy
And they haven't done that either. You're speculating with no basis.,angry
"Mayday mayday, I've been hit. The bot got me",calm
I think I know why [NAME] put you on this earth. Go on now you have a job to do.,angry
I hope the guys play 60 minutes tonight! Have a nice day everyone c:,happy
That’s nightmare fuel right there,fear
[NAME] just make one shot and we’ll be happy,happy
It'll be difficult to do but leave him and take the kids with you,happy
Guilty of doing this tbph,sad
[NAME] is there anything more depressing than being in a leafs gdt when the leafs are losing.,sad
"Why are you defending [NAME], [NAME] clearly intends [NAME] to come across as a bad leader. Good leaders don’t get murdered bu their men.",sad
I think you'll find that dating is really difficult for poly men. It's the biggest reason why I'm monogamous.,angry
That knife looks awfully familiar... *snorting and claw clicking in the distance*,fear
I feel like the world would be a vastly different place if the make up wearing roles where reversed,calm
"Waiting for it to get better as it’s been getting progressively, exponentially worse for 7+ yrs now",sad
didn't work anyway,sad
"How do you know if this gets downvoted to hell, but a lot of times before dying (6 hits taken.).",happy
If anything [NAME] has shown he can do a lot with very little. The Bucs are just a fun team to watch,happy
"Wear you're ear pro kids. Styro plugs are cheap, and don't ruin the concert experience.... but it will save your ears.",love
"Masha'Allah that he performed this, yet I disagree in it being the most beautiful.",calm
Yeah I agree people on reddit are so extra it's annoying,angry
"Thanks, I'd never heard this information. Only ""humans have the best endurance""",love
"I draw with a wacom tablet, and I want to be an animator, maybe some game stuff down the line",love
Oh gosh that's no good! Perhaps the other options are better places to start,fear
talking about [NAME] i think,happy
Right? I think [NAME] needs to be careful cause I could def see [NAME] snapping.,fear
Okay thank you! Is there any word on when it's coming to live build?,love
"Mornings can be hard, lol.",happy
"OK sweaty, have fun in ur collapsing Union while I'm restoring the Empire xoxx",angry
Followup comment that not-so-subtly requests gold by feigning ignorance or pandering to the pathos of uninspired premium redditors.,angry
Lmao what's the difference neither one is refrigerated. People are fucking stupid,angry
"Just because someone wants to be a journalist, doesn’t mean they are. That’s pretty simple.",angry
"Sorry I am foreign, and might have come across wrong. Anyways it has to happen at some stage?",sad
I'm starting to wonder if these are satire... They're too hilarious to be actual conservative memes.,happy
It is January after all. The yard in my house is looking horrific right now - I haven't been out in 4 months!,fear
Just watch everyone we are somehow gonna mess up this draft pick down the stretch with pointless wins too,sad
This is why you either keep your distance or shoot them.,calm
I have vision issues already and I kind of freak out without sound. I'm gonna have to say blind.,fear
"Pb, filth!",angry
How so? Even if she stop talking to him he'll just go talk to someone else.,calm
Things did not go well on Eros Station...,sad
I deserved it. I'm a garbage cumslut. He owned me and he took his property.,sad
This is cursed,fear
Wtf is this lmao god I hate reddit,angry
This used to be a lot more common when I was younger. So weird.,happy
[NAME] gets no love.,angry
Wow! How does it know?,happy
Yeah i don't want them to know to early it ruins the fun.,sad
Randomly watched arrow this week and I think each year is more confusing and I didn't like it! At least [NAME] is still there and always shining!,sad
At least this makes me feel better about not being photogenic. It’s the cameras fault!,sad
I watched my team get deep dicked in the natty. I understand,sad
[NAME] just wants to post pics of her facetuned of herself for attention while acting morally superior to those other girls. fuck off,angry
Can you please write up a summary of how the event went? The live stream isn't working because they changed the venue. Thank you!,love
"Fortunately, those defibs only require being able to read to operate, so that means a good 5% of most corporate drones could run one.",happy
Pleased to meet you. Hope you guess my name.,happy
To the kiddos!,calm
You'll feel better about yourself if you don't act like an asshole to people who care about you.,angry
"this guy /u/EightRoundsRapid is sending me nude dm's even though he knows i'm underage, what do i do?",fear
"Have her listen to the ""year of poligamy"" podcast. You realize that polygamy was more f'd up than you could ever imagine.",angry
"It's so weird having HGs up this early, but I love having something to watch before my 8am lecture starts.",fear
"Can I potentially levitate 2 inches off the water also, or just the ground?",calm
This made me sad,sad
Sell all bch for bitcoin and hope for a bull run. Best decision you probably will make in your life.,love
Love me some Clash,love
Detroit can be interesting...,happy
Dang. That IVF story. I feel so badly for that woman oh my god,sad
"I mean it makes sense, they're into [NAME] because they totally dig the horribly socially stunted types so they love [NAME] for horribly traumatizing her.",fear
The fact that this dude spent a good hard several working hours to get fake internet points from strangers tho,love
Been saying horford has been overrated since he got that fat contract,happy
That's why you gotta pump that charisma stat to the max. 😉,calm
I used to really like [NAME]. Now she is the worst :(,angry
SO FAR I couldn’t even listen to all of zombie bastards and ckth was mediocre,calm
My fave moments are checking cities and villages and my heart races when I see movement :D,love
[NAME] has to have a shot. Tough son of a bitch. Also [NAME] = [NAME].,angry
Try to be rational instead of angry.,love
Sorry to hear that was all it got :/,sad
I'd like to apologize on behalf of all Azwel mains.,love
I’m stuck at work tonight so I missed it 😢😢,fear
[NAME] queen will live until he is 86 years old. Thts what reverse flash said so its the damn truth,calm
"Not to mention even if it was called and due, the WBC have said they would be happy with a unification first.",calm
I would prefer to not observe it all but federal law does not allow it.,angry
She said in the ama she prefers they to he when out of drag but is ok with both,calm
No like its legit cgi Edit: this comment has some value the entire thread has things to pick apart in it,angry
"I think [NAME] was just holding back, who'd want to go kill their nephew ([NAME] in [NAME]).",calm
Wow so you've been around your entire country and spoken to every single person about traffic accidents? So cool.,love
Like always i will wait and see thanks for the post tho [NAME],love
[NAME] that bottom picture. the brows mixed with the hair terrify me 😰,fear
Hes a daywalker!,calm
"I started a play about a man with tourettes and no fingers. Critics called it ""offensive and pointless"".",angry
Yea the refs weren't terrible all game or anything,sad
Hangry is real and it comes with a horrible vengeance at fast food places and restaurants,fear
Those women's marches are honestly embarrasing. Most of the people there only seem to claim to be a feminist because it's trendy.,sad
"I am afraid to look, but my morbid curiosity draws me to ask.",fear
I'm scared for her. The Saudi government has proven to be very brazen in its disrespect for international law.,fear
it's a good thing they had a screen protector on it,happy
Remember when the media ignored all of the horrible things [NAME] did? Including what he did to Syria?,fear
"If he has to put up with people like you, I feel even more sorry for him now. Yikes.",sad
"That face just screams ""Come here little boy, I have a lollipop for you""",fear
That was a fluid motion and it scared me,fear
"Pretty terrifying. Imagine if you went on a school trip, did nothing, and came home to this.",fear
I’m ashamed to look at how much time I spend on Reddit,sad
"I'm clueless as to what I could be clueless about too, [NAME]. What is the difference? Aren't all video games ultimately 'no lifeing' it?",sad
How would you get off? HOW WOULD YOU GET OFF?!?!,angry
Keep us updated.,calm
"Being in FL keeps most of the cold at bay, but I've been layering for the last couple days.",calm
Reminds me of the old lady in Police Academy 4 shooting the .44 magnum. Damn that was fun!,happy
A long term relationship with pizza? Wow talk about accurate!,happy
Thank you I appreciate it,love
> 1 in 4 women will be victims of sexual assault. 4 in 4 idiots will believe this without proof.,sad
Ha amazing I thought I was alone,happy
"How dare you care about your physical and mental health, you shitlord you! /s",angry
Suctioning I'm almost certain. Now's the time for you to google.,calm
Jumps like this are often explained by Twitch front page in certain countries. Every time it happens people get accused of view botting.,calm
[NAME] is an inside player,calm
"5,280 homie.",calm
"That is so creepy and scary. Imagine if he really was a Dr, and the only one available in your hmo.",fear
I got a lot of withholding to throw me into anxiety.,fear
"Oh you're getting trolls trolls. Damn what sub you think they are getting you from, lol I'm not gonna mess with them.",angry
"Didnt know that, just saw ""LG"" devices and got nervous. Bummer for you though, that sucks :/",sad
I was scrolling through and thought “who is [NAME]...” for a minute before I remembered. It was the best 10-20 seconds of my life lol.,happy
I just came out of the restroom after crying from laughter watching that and my brother asked me if everything is okay,happy
Thank you so much I am so proud of myself!,love
I hope you like it-,happy
He’s 60 and never had a HC gig. That should worry folks!,fear
This made [NAME] [NAME] verrrrrrry famous this year. She was always famous but this year her sounds and food descriptions won her the top award!,calm
What? Who said I hated him? I dont give a damn about him either way.,calm
"> All the complexity was lost in Oblivion, and it was a huge disappointment. So you are agreeing with me?",sad
I love me some RFM. My wife said he talks like a robot.,love
It’s the comment about smelling her that makes it pure cringe.,fear
I'm so sorry but just do everything you can for you and daughter and of course mom.,sad
Try this on anyone blue belt or above in bjj. Spoiler: it wont work,sad
I'm sorry that you're so angry.,sad
I think OD needs a rework. Get rid of that crappy 50% passive and give him some sort of active or a proper passive ability.,calm
You're talking about something complete different there.,angry
That is beyond disgusting.,angry
Drunk and crying in bed with my pets. :|,sad
Yeah transgenders are stupid.,calm
"Find a better partner. It's past time to move on! He sounds very lazy, selfish, and he doesn't care about your needs.",angry
I’m so sorry for your loss... if you ever want to queue PM me for my steam,sad
Shock collars are horrible. They poor pup. 😫,fear
"Vincentown diner on 206. A lot of farm to table stuff, desserts are excellent, everything I’ve had has been delicious.",love
"I’ve had a hard time finding stuff in the area, occasionally Construction Junction will have a decent old handsaw or two...",sad
kind of funny considering that the fentanyl that is killing people in North America - Canada and USA - comes from China.,happy
He’s such a thumb!!!,calm
Everyone is born an atheist. Some gets afflicted with religion usually via their parents.,fear
Who brings a gun to a middle school in the first place? This kid was not right.,angry
[NAME] is worse because he’s all of those things plus he took out my boi [NAME].,angry
This is the most horrifying thing I've ever read on this thread. May you and your loved ones see this through safe and sound.,fear
Next you're gonna tell me they didn't invent iron! The fuck?,angry
"cake fails are the best thing to ever happen to the internet, so with that said - this is turble. 🤣🤣🤣",love
Thanks ? Lol I'm no internet warrior but that crossed the line. I also DM the video to [NAME]. The girl deserves love,happy
"[NAME] “ I’m afraid if I don’t have money she’ll leave me”. Yuh, you’re exactly right [NAME].",fear
The [NAME] of horror!,fear
"I reallllly loved the show. It disturbed me a lot, definitely. But I want more now.",happy
“I am so sorry! That was not my intention at all. My apologies” so charming. They do give you warning though,sad
Virtus.pro straight into Grand Final.,happy
Yea. I'm not to worried about it,fear
The pistons are aggressively mediocre which sucks. [NAME] has been awesome but the rest of the team is horrid,fear
The beautiful moment when Fridays and Sundays are your set days off and you have the PTO to cover Saturday 👍🏻,love
I'm always down for pimple popping pupper pictures!,sad
It wasnt a terrible idea until [NAME] got injured and [NAME] got complacent,fear
"Lmao ""guys I was *coerced* into sending her a picture of my junk"". That just sounds dumb as hell",happy
I know! Or close the door of the room where the baby is sleeping? It's too sad for the poor thing to be locked inside.,sad
Being so gullible is the frightening part. durr da durr he downvote me,fear
This is probably why you're not in a relationship.,calm
"What, we are all gonna be corpses soon. Do I become that sooner?",fear
what a ground licker. Day 9799 of being alive - I still hate people.,love
Do it. There's no better way to learn something than to ~~write a book~~ draw a comic about it.,calm
TRMZs new video showed this really well. I can't wait for persistence to be ironed out so we start seeing these types of bases all over,love
The rest areas and truck stops are booming!,calm
The forgotten [NAME]? He's pretty good on the Flash as [NAME].,love
Borrowed time is stupid,angry
I agree a congressional library of excuses already. fella should try to hit the trim asap and get over her asap,calm
Oh dang I hadn’t even looked at her face!,sad
It's also the only title that doesn't have to be defended. Convenient that.,calm
"It's only 5 mins, but I hope this is the one. Sorry that happened to you friend.",sad
"Never heard of this before, but I think it's awesome. Thanks for sharing! Can I buy this track on Bandcamp?",love
"You know I never thought I'd celebrate someone's death, but once she goes I'm going to have to try very hard to not enjoy it...",fear
Taking this way farther than needed...,calm
Holy shit! No way in hell I'd get that close to DFW in a Cessna!,happy
That explains why this has suddenly become an issue now. I wondered why no one cared for the other thousand months ranked wasn't available on mobile.,calm
"Man, this is awesome but seems bittersweet after NYE. It was loud as hell.",love
This one will provide tasty meals and a cute pup too,calm
My parents are going to kill me when they find out.,fear
[NAME] 10 year challenge is looking good!,love
Damn didn’t see it sorry,sad
_____ is ruining _____ because kids these days.,calm
When you start correcting spelling and grammar you lose automatically my dude. Your points stand by themselves. Being an English teacher just makes you look like a jackass,angry
me. i’m the problem. i don’t think anyone can help me anymore.,sad
[NAME] getting so much screentime... she better not be nominated 👀,calm
"You are also church people. Just ask her out ""Hey my relationship is open and you seem awesome, can I take you out for coffee?""",love
You didnt even ask the parents if they agreed to let him in the back?,calm
that number 3 is soooo familiar and sad.,sad
"So...... SOOOOOOOOOO glad Atlanta came back and beat the Bucs. Because of it, my beloved [NAME] are coming to Tampa.",love
I feel bad for all those kids whose parents decided to homeschool them so they could be professional HOTS players without all that stupid learning getting in the way.,angry
DAYUM!!!!! This post is lit AF. Got some verbal geniuses on this one.,angry
Don't worry about it.,love
"I thought that too, but I was wrong. And I know that full health is 170.",angry
"[NAME] is a murderer,a psychopath and he wants just to kill him",sad
This joke hasn't really worked since the 11th Century. Even then it wasn't that funny.,happy
"Oh, gotcha. I have a friend with unipolar depression who does have memory issues, so yes, that can happen during depression too.",sad
She's immortal now. Spread throughout the internet...shared by hapless idiots.,angry
Fuck i know. I'm so worried for girls like me growing up now.,fear
"Thank you for the great recommendation. I'll get on that as soon as I can, and keep you updated.",love
Hopefully they realize that anti-discrimination law is immoral and unconstitutional.,happy
Of fucking course it is...,angry
I like Abram wayyyy more that Rapp. I hope we can snag Abram so we can use our first two picks to fill other holes.,happy
I can't imagine how scary that was for you. What is wrong with people?,fear
"Ey, yo. The perfect sassy black mum line.",happy
"R4, 9. You’ve had many chances. Banned.",calm
yep. I feel guilty for throwing them out but they're basically useless.,sad
"What about white supremacist? BLM called [NAME] a white supremacist terrorist, that label is damaging and in the same lines of a neo nazi.",sad
"Such dumbass,I think I'm going to take my dog somewhere else",happy
>But a leader who strikes fear Like when people were worried [NAME] might murder them?,fear
"How so? Genuinely curious, I've yet to make a judgment here, as I'm not informed enough. Edit: typo",angry
ooh thems would be nice,love
"I am confused. I don't understand how that relates to what I said. Could you explain? Sorry, maybe I'm just tired lol",sad
This! :-),happy
Sold out. Sorry my dude!,sad
Did feel that one but I find it hard to tell sometimes,calm
"Depends on the drug. Weed makes me antisocial and when I'm in public, I feel paranoid and I feel like everyone knows I'm high.",fear
I mean the ST coach market seems a little dry. Maybe this is best we could do this year.,calm
Omg this is too good.,love
[NAME] a drama queen?! Surely you jest./s,happy
Thanks! Going to try this the next time I'm at work,love
"Thanks, and play ball!",love
I mean most players get that,happy
"I confirm, my increased by around 20% every year for the last 3 years.",calm
Thank you kindly.... I appreciate the support. Could you elaborate on the tip please? Thank you,love
"Uh, I have no idea.",calm
How is one not amused by that? I can't imagine being angry even if it was my lunch. lmao...,angry
Yea I saw that...had me worried for a sec but I had no trouble at Delta,fear
"CREEP FACTOR MIDNIGHT ""virgins gonna be scared""",fear
They are so damn handsome!,calm
NO GOD NOOOO!,calm
That mustache looks like it smells.,angry
some men sit to pee. men also get attacked and feel vulnerable in certain areas. the more you know.,angry
I’m afraid I just blue myself,fear
"I am and have dealt with the consequences, hence my amazing son. Like I said before, hopefully you don't procreate.",love
My one regret is not making an account sooner. I lurked for a long time because I felt like I didn't have anything worth saying.,sad
ITS TO THE POINT WHERE I LOVE AND I HATE YOU,angry
It’s amazing what they can justify to themselves. I’m not sure if I can believe anything out of her mouth anymore.,love
A UBI has to be sustainable. Taxing something to reduce its use and funneling that money into something people would depend on is absolute stupidity.,sad
Imagine the jockey explaining that to his boss and then cranking the legs to raise it while everyone looks on :),happy
"Aw, nothing gets chocolate out, see?",calm
it’s happened before?! love my hometown of beautiful new ken 😂😂,love
Not terribly many of those jumping fences in the UK I think. :P,fear
Your video fails to show how though?,angry
"[NAME], that's pretty damn good for a state like Virginia, which, although not a swing state anymore, was red not so long ago.",love
I hate Detroit,angry
He's not alt-right. He's just the normal clutch pearling conservative. He's like an annoying villain from an 80s movie.,calm
Imagine the gifts this baby is going to get from all the housewives.,calm
"Ehhh I don’t know, I still find it kind of cringey with the “[NAME]” talk and all that stuff.",fear
My mom used to throw tantrums in public. I wanted to crawl into a hole and die when she'd start.,sad
"Can someone tell me the difference? Sorry, please don't get mad at me...",sad
Brave move. Congrats and best of luck.,love
"Everytime I see this, I can't help but feel someone forces the cats paw into the brownie.",sad
Are you okay? What's wrong?,fear
"That was great, especially as your first video.",love
"Wow, that's incredible. I love the 4 quadrants idea! But the name of the business is so misleading...",love
"Rip time wasted editing, its a shame that not many other people saw this",sad
This is terrifying,fear
The rare times when they can be arsed to start their own conversation they always talk about why feminism is actually to blame.,calm
“Facts don’t care about your feelings” is also a good one to chuck back at them.,happy
I know how you feel :( I hope you start getting more good days soon. <3,calm
"Wow, “Social” Democrats betraying the revolution. Who would had guessed?",angry
"Wait, what? Lol. Weak call. I'll take it.",happy
That video was so shaky I thought I had Cerebellar Hypoplasia for a minute.,fear
I would not recommend contacting her. That would probably creep her out.,angry
[NAME]... Nice,love
hate to say it but nobody outside of saskatchewan has heard of [NAME] either,angry
Edgy bro.,fear
MRW I'm just trying to make it through my day and someone brings up Brexit or [NAME],calm
"Ugh, man, I really liked Louis CK. Not anymore. I still like Brand New even though [NAME] is a creeper.",love
The guilt of sin represses all,sad
That's a shame. Well good luck,sad
"That's what I came here for, thanks",love
"I'm very sorry for u, they should treat you like royalty not a fleshlight",sad
"Honestly mate, highest I've got to is only 1623 but put me up against an axe or a cannon and I'm just dead.",fear
[NAME] over there kneeling in front of a picture of [NAME] riding a dinosaur thanking his savior for giving him the strength to be conniving little twat,love
This is scary.,fear
Damn I can’t believe [NAME] beat up [NAME],happy
"You put ""fascists"" in quotes as if the protesters are insane to believe self-proclaimed neo-Nazis and ""alt-right"" nationalists would have anything to do with fascism.",angry
I felt the same guilt when I stopped believing in [NAME],sad
"This is me today, I have to do a 1-2 MINUTE presentation and I’m freaking out about it",fear
"I know he will be, I'm just nervous. His face is just going to be so sad 😢",fear
UNCLE RADITZ IS PISSED!!!,angry
"I could believe it's natty transformation, just not in so short time-frame. Hence, juicy or time-frame is closer to 2 years.",happy
Glad they made it..,love
love how nobody decides to run over to him and help,love
*wall breaks* OH YEAH!!,happy
"nsfw pls, thanks nice work doe",love
I’m afraid too. It’s the not knowing what will happen that scares me.,fear
I didn't see it either! I feel like the kid at the birthday party that didn't get a piece of cake...,sad
"Yeah, somebody needs to seek counseling immediately.",calm
This is so scary but I would love to go there. And it is actually in Brazil,fear
Hey now I masturbate in my own filth and I don't take kindly to being compared to these people.,happy
"Just watch anime,play games,watch movies or sleep. If you feel extra energetic then work out a bit. At least this is how I spend my time",calm
Let people enjoy things,calm
I feel like the world just doesn’t want [NAME] to have the spotlight. This is torture for a [NAME] fan like me. :’(,sad
She is looking like [NAME] to me in this pic.,love
Maybe he's too lazy to take it off,calm
"It was a terrible, terrible thing to do. He did every day of his time for it, has expressed regret, and has not repeated it.",fear
"The purple ones with a kraken skeleton or whatever? Yeah, they were from the Cursed Sails campaign and are no longer available.",angry
trailer fabulous!!! i miss it,sad
"The conversion go muscle probably helped, considering the size of them. I'm super happy for you dude, you've done amazingly!",love
That's adorable!,love
But those are typically quieter and then I won’t need them 🙃 are we done,angry
"Get it out of the way as quickly as possible. Some people claim to like it, so maybe you'll be one of those weirdos.",fear
Yeah that's not almost a semi auto. And the slam fire is vastly over rated.,calm
I’m afraid it will eventually go that way.,fear
That what my friend says who still wears garments.,calm
8 His morality is depraved. 9 His brutality is indulgent. 10 His religion is repudiated. 11 His existence is nullified. 12 His believers are mistaken.,angry
His sentences don’t contradict. You just have poor comprehension.,angry
Her camel toe is strong!,calm
"I mean I'd rather have play him in the infield, but either way someone will get injured and [NAME] will play the infield.",calm
This dish is a testament to be beautify and ingenuity of Italian civilization and culture.,love
Stick your -isms up your ass.,angry
REVENGE GAME — a former [NAME] is going to go off today... [NAME] DROPPING 40,calm
"[NAME], she really is my least favorite queen I drag race history. Boring, try-hard, and busted makeup.",sad
That was the only place I saw and their pictures looked horrible. Might just have to go to the source and vacation in southern Asia,fear
"Without seeing the rest, it's entirely possible he's right. ""Everyone on reddit thinks it's true"" isn't terribly compelling.",calm
"Woah, woah, woah. You're trying to tell me that elites have a stranglehold in a country with an *actual* aristocracy?!",happy
"Ok, so if I was to start what package/expansions do you suggest I buy ?",calm
"I like how she calls him racist, when he didn’t actually say anything racist.",love
Goddamn it Your username just started a song in my head 👶🦈,sad
uuuuugh what keeps the penis spitting,angry
I found it interesting that [NAME] wasn’t addressed in FA or until the later rounds of the draft.,calm
"Probably. Sorry, OP. But don't worry. A lot of us are in the same boat.",sad
Wait wait wait... did [NAME] go 61-27??,happy
She forgot about the Buttfor,calm
Happy cake day man,happy
Does anyone have the video of [NAME] drawing the charge I didn't get to see it.,calm
Yes girl! Get it!! Nothing better than an impromptu meet!! Rude the high!,angry
This should be on r/Unexpected oh wait...,calm
I have a launch xb1 and i have maybe crashed twice since the game came out. I have almost 8 days played btw...,sad
Not defending [NAME] at all but this is just super sad if it’s true...,sad
Being ugly at some point in your life doesn't mean you deserve death.,sad
"They believed in themselves, and clutched up. Let’s get it",calm
"I’m pretty sure your thinking of [NAME], although I could be wrong",angry
These were one of the worst commentators I have ever been forced to listen to. The jokes were so cringe-worthy.,angry
"Much appreciated, do you not play often?",love
"Same, I just love games so it helps to calm me down by taking my mind off it.",love
"""Thanks for showing me your red flags within the first 10 seconds of interaction.""",love
"Been together 6 years, and I think she's the best person I know. I'm still in the phase where I love her more everyday.",love
"What a bullet, and what a sequence for [NAME]",angry
I feel your pain brother. Just had to put down my rescue pup. RIP blaze it for them!,sad
Could’ve been a Morton lad if we didn’t get snaked,calm
Far believe me and now that i think about i am a boy so maybe search on other place,calm
"The one that just happened, at the blue line, practically a tackle",calm
"Oh, you had me worried there! Still if it doesn't then what can you do I suppose.",fear
"Gifts are bugged. Your friend didn't get the chest, but somebody else did.",calm
"Honestly, I wouldn’t want to poop without my phone either. Gotta scroll reddit while I’m poopin!",angry
I fail to see the downside of that.,sad
"Meh, it’s “next man up” over there. I’ll be worried when they stop making it to the playoffs.",fear
"Ugh I have to hope the god damn Leafs win tonight, what a world it is we're living in.",happy
The reduction in class size seems pretty small and insignificant.,sad
...says the opioid addicted narcissist with multiple untreated physical and psychological ailments and is completely unable to work with anyone but his own clone.,sad
He’s a brave man.,love
Oh boy this aged poorly,sad
Abusing antibiotics like that is how you come down with an antibiotic resistant bacterial infection.,calm
Is it possible you've been banned from them? I dont know how I feel about having the special privilege to view that sub lol.,calm
Oh [NAME] if I was 9 and my parents did that I would cringe real hard,calm
Mine once went 6 hours overdue. It was horrible. Big hugs to you. Drink all the wine you can find!,fear
"Its very obvious to me he is still in love with her. He is definitely not in love with [NAME], the marriage will be a disaster.",happy
Ayyy! Thanks for finishing it up. Glad someone did. LOL @ your username 😂😂,love
It's natural selection when a mentally ill person shoots and kills an innocent person out of the blue? Wow... just wow....,happy
"For an alternate anecdote, I quit playing because of the forced role QM changes, so there's that.",happy
it's basically summer here right now. these posts are clueless.,calm
You are totally right!!! Complete waste of time,angry
I’m not listening to a fucking plant.,angry
Literally every team sub says this when something negative about them is posted They dislike the hire because he wasn't exactly popular in Seattle.,calm
"And then another guy comments to congratulate him on getting a comment from her, wishing he could one day get the same. Maaan o man.",happy
Shut up why do you even care about what people choose to do with their bodies lol move on and keep living your miserable and ignorant existence.,love
> you're probably a little bit of a closeted nazi yourself. I'm just SHOCKED that someone named [NAME] might be a fascist,happy
"Saturn comes back around, SHOWS YOU EVERYTHING",calm
"No, you can shoot farther but the scoop only allows you to range out to 1 Klick at the last hash marked 10",calm
"Or, drag an old pallet jack outside, empty.",calm
He looks like a Loony Toons character,love
We need people like you to bring /r/MasturbationLog back to life,happy
Yeah it’s not a woooosh. Unless we’re all the wooooshes for thinking there’s not a wooooshable offense. This is wooooshpaganda.,calm
"Ikr... it’s a sin in itself to use [NAME] to instil fear and hate, [NAME] is love not hate and he loves all of us",love
"Damn, this one sucks doubly so considering all the positive threads on here today.",angry
I'm glad people with such foresight are the first to find this place unaffordable. Good riddance.,love
"Not a particularly in-depth article, but I thought it was a worthwhile follow-up to the recent post about police ticketing people outside Tim Hortons.",happy
Slightly too pissed off with this comment to merely downvote. Not angry enough to begin tirade. Lunchbreak ruined.,angry
Large McDonalds fry 🙈,calm
She wasn't a fit parent when she molested then 5 year-old [NAME] while she was high on meth. That ship has long sailed.,angry
"Thank you, I thought the plane in the picture was cool too. I am. One of the best pictures I’ve taken with my phone.",love
I dated a girl once who made a gb with her cup holder. Dropped my phone in it once,sad
Was waiting for a mirror to get clipped. Give this person the gold medal already!,love
Totally disagree. I love this look.,angry
I personally wish that they stuck with the spin offs but if their happy I’m good.👌,love
I didn’t misinterpret the comment. There are kids in the truck. Watch the video with sound.,calm
If that pleases you then great but it means nothing to me. I just use it and ill see it properly in game.,happy
[NAME] and [NAME] had equally good chances when they were on the same line in the first/second period - they just didn't convert.,happy
Dude you’re right but just because we draft someone in the 1st round doesn’t guarantee a starting caliber QB.,angry
I love this. [NAME] bless [NAME].,love
"I tend to invalidate my feelings because I’m always worried that they’re going to think that being silly, I’m always struggling with it",fear
"Oh damn, that would have been the only correct response! ""Sorry, but I have a boyfriend."" End of conversation.",sad
The sad thing is that most of them are gone the next election anyway.,sad
is that really fucking real,angry
If you would do exactly as that kid did - then you will never get it. You’re defending a smug little asshole.,calm
Yeah until the last one has creepily wed and reproduced.,fear
"Some of the problems I noticed afterwards, I love the car. The experience not so much.",love
What an idiot.,angry
"Ugh I did this at a work conference and ran straight into the guest speaker. The flashbacks are rough, probably for her too I imagine.",sad
"I hadn’t even noticed the hairline, was too busy looking at the rest of the awful stuff going on.",fear
"Yes. ""You better settle down over there or I'm gonna come talk to ya.""",love
Your mom did you a favor; now there is one less of “us kids” that will be buying mom a house and taking care of her.,calm
"Man that’s cool, I like this sub. You’re a cool mod",love
My dog seems uncomfortable when I don’t. ¯_(ツ)_/¯,sad
For the night is dark and full of terrors!,fear
"Or more aptly ""OHHHHH FUUUUUuuuck"" As you see me run away.",angry
I can't describe how that makes my stomach feel,sad
"I am on month 9 post discard. The anxiety has lifted tremendously, and the depression is still looming but not as bad.",fear
Ayee it made it ! Enjoy,happy
"Lmaoo a team full of [NAME] blunders, sometimes I feel like it’s sabotage from the man above",happy
"Saying ""no"" five-ten times then a reluctant ""yes"" to shut you up is not consent!",angry
"I apologize if I came across that way, it was not my intention. I meant only to state a fact.",sad
Fun fact: you can stop this by removing the prostate that would be epic,happy
What about every series prior to that? [NAME] was awful vs the bucks [NAME] was awesome. What about the years before that?,love
You can likely deposit this via mobile app if you bank has one. Or an ATM.,calm
Agreed - from a team who made bowls at 6-6 twice in the past 5 years. We didn't deserve either of those.,sad
"Basically he is trying to start something based on a lie, not good. If I were you, I wouldn't see this person again.",angry
Your memeing right o.o,calm
350 calories The large is 20 oz and it’s 140 per 8 oz so 350,calm
I'm accusing you of framing [NAME] for murder. Where are your records?,calm
Praise [NAME] your taste is bad /s,sad
Oh I forgot how gross [NAME] can be,calm
"They’re not exactly tiny creatures. Patch that hole up, my dude.",angry
"Have you met anyone old? Hell, I’m in my late 30s and that’s “awhile back”.",angry
"Seriously, [NAME], if you happen to see this, I love not just your work, but who you are. Thanks for being awesome. ❤️",love
Push me to the edge. All my friends are dead.,sad
What a catastrophe.,calm
And the human babies - don’t forget them! Totally wicked! Sad!,sad
Yeah after I showed it to my friend a few minutes later I realized what he meant but I forgot to remove my post.,sad
Nice. I'll look around for it. Thanks!,love
I want it!,calm
This one is cute,love
Those fries look delicious!!!,happy
dude stop your gonna make me cry. This is horrible please don't do this STOP right now. Dont it's just not worth it,fear
I KILL YOU SCUM,angry
"This video was uploaded in October 2013, over five years ago now. This just feels like an unnecessarily inflammatory post for karma to me.",sad
"Oh, the irony,.",sad
SUFFER MORTALS!,angry
why did i expect this to be anything other than what it is,calm
"It sucks being unattractive. It pisses me off that there are so many beautiful people in the world, and I ain't one of them.",sad
Alllllllways. Losing that toonie makes you feel like a rookie every time.,sad
"Oh [NAME], just when I'd forgotten about that...",sad
"That sounds like it was an absolute nightmare, I'm sorry you had to go through that, anesthetic failing is a horrifying experience.",fear
we're getting our top men right on that.,calm
"Welcome to the ""new"" normal",love
They're both happy though,happy
"Signatures are no longer required for transactions in the US as of April last year, so I guess this no longer applies really.",calm
Ah if they went to school together that makes more sense. I wasn't aware of that.,angry
I get excited reading headlines like this.....all the way until the end where it's always in a country NOT my own.,happy
"I was once married and now I live alone. Some weekends, I don’t speak to anyone and don’t go out. Pure heaven.",fear
Will you ask her to pray to her god and ask him to stop giving kids cancer!,love
literally I feel like crying,sad
I like the earthquake that occurs after she falls. Glad the cameraman got that on video.,happy
Hot damn... we're going to Sea World!,happy
"Almost like [NAME] culture is written to be offensive, what with the institutionalized rape slaves and everything. They might even be the baddies.",fear
"Boosting is when someone else is the biggest ad-hominem yet, because it was in a situation like this.",love
The world needs more [NAME]!,calm
"Well, the [NAME] should help us out, the reason we are in this political mess is because we detained a person for them.",angry
Why do they always threaten with a block? Like how do they not see that’s not a threat that’s a solution?,calm
"It’s so hard to be a mommy! Chasing kiddos. Work, work, work!!!",sad
Ah I set myself up for that one. Alright you win it does look cool.,love
“Regain the fan base”. How immature do you have to be to believe that everyone agrees with you.,sad
Yep i always say this. Absolutely best case scenario is a foul ball. If he puts it in play it's probably a dribbler.,calm
"also, [NAME] just brutal here.",sad
"To be fair, they did call it a horror.",fear
I’m just trying to get a woman’s perspective on the situation.,calm
"You could notice he was a little bit nervous, i think that was the main reason for his way of playing in this game.",fear
"[NAME] passing is worse than usual. It's alright, but god damn is it painful to watch.",sad
Oh [NAME] that's terrible. I hope things are better for you now.,fear
Ive never been happier and wouldnt want to live any other way,sad
"I'm worried he's too small. I love his quickness, but sub-170 is scary for a guy that'll be running over the middle.",fear
Yeah sorry about that I don't mean it.,sad
*I love pressure. I eat it for breakfast.*,love
He was afraid of flying,fear
"I think he was saying Canadian eh, not a meh type eh.",angry
Bedside report is terrible.,fear
Like a glove,calm
Soooo difficult to do.,sad
Hey everyone I like my braves subbreddit without advertisements,love
Into [NAME] [NAME] poured her hatred her malice and will to dominate all life on earth .,sad
[NAME] was barely established waaat she really had a generic design in mk9 and we already saw this look in the comics and it looked great,calm
This is exactly what I’ve been thinking!,happy
I wish I could be as cute as that :c,love
"As long as the stop watch on my iPhone is timing him, my kid will do almost any chore. Its crazy what kids find exciting",happy
happy new year buddy!,happy
Too bad [NAME] is a bad person if abandoned and tries to kill you as well. Her singing was really nice..,angry
Rip hot chocolate 2019-2019,sad
Huhhhh wat the hell.. looks good,love
"I remember that. It was a crushing experience that started a whole other level of depression. But hey, maybe things will work out for you.",sad
"Because people that comment on YouTube videos are toxic, filthy heathens.",angry
He isn't unique to that. Every defensive metric disagrees 🤔,angry
I would suffer a heat stroke or die of diarrhea,fear
"I thought it said “now my biggest fear is the thing living inside my casket” like, *weet doo feek?!*",fear
"Looks like any time there’s a huge spike in viewers, it’s a crossover. Legends sure has a really pathetic turn out.",fear
"Sir the fuck down. This is an intervention, we need to talk.",angry
Forget every single acronym and buzz word from TRP. Never think using that terminology.,calm
Because it's incredibly cringy.,fear
EDIT: wrong link sorry here’s the right one I hope,sad
I did anyway hahahahahahahahahahahahahahahahahahahahahahahahahahhahahahhahahaa fucking rekt XD,happy
They laughed in our faces for a decade. Not to mention they were actually cheating (bountygate).,happy
you fucking moron,angry
Tee-hee. It's the same server side weirdness as in SWBF2. (This is probably my most repeated sentence in this sub.),calm
Yeah but shortly after got disinterested so i broke it to her lol,happy
Also looks pretty ♭,love
Oh my god Del Monico. Horrific. Even the ambient smell in the hallways makes me gag.,fear
I understand just so hard feels like I’m being thrown away like trash I don’t want to imagine a life without her in it,sad
I would love to hear yours u/jellyjellyspace You posted a pretty unique topic,happy
"Oh god, never thought of the implications of [NAME] not selling BB-8 as mirroring her parents giving her up. That tugs the heartstrings a little bit.",sad
Situation in chess where it is better not to move or you will end up in a worse position is called Zugzwang.,sad
"Wow that's a burden, I'm sorry.",sad
[NAME] had some pretty harsh words.,angry
50/50 you’re about to be murdered,happy
General population are scared of press,fear
Well keep planting more!!!,love
It continually amazes me how many people don't understand this.,happy
"Just you. All my other senses open up, so my vision _changes_ but i'm still eyes open",calm
Someone who’s to sad and empty to care about toast... me I guess?,sad
Rules say no identifying information,calm
The Future is BIG!,happy
I wanna die I don't wanna live anymore I really wanna die so bad Please return me to the dark abyss I long for death’s sweet kiss,sad
Tough scene for [NAME],fear
You're right but ”just be confident” (I know that you didn't say it ) is really hard when you're unattractive,angry
also anxious that people will be angry or surprised or upset at me for me never telling people about this before,fear
That scene traumatized me the first time I watched it,fear
It tore off lol. The bracket isn’t installed on delivery.,happy
The lack of stick skills [NAME] lacks is actually astounding.,happy
I'll show some love for diazepam! Congratulations on the re up and let me Know if they are,love
Of course! It's all good buddy! Pretty cool if that's really you!,happy
I plan on being respectful lol. I hope he’s there.,calm
"Yeah, my bad",sad
Alot of friends and family make that or less. It's pretty crazy.,happy
"I'd love if this just quick-panned to [NAME] giving a brutal RBF while this moid fawned over her ""personality shining""",love
I'm so uncomfortable.,sad
Ok man. Glad yo know you are aware of all financial situations.,happy
You are very welcome. Happy growing. Keep in touch with your success.,love
"Even if I did, no one would believe me....,",angry
That was around 5 grand but cheers and hope wherever you go in life keeps you happy and striving to go higher!,happy
I will not being awkward if I am being myself but I just scared,fear
> Crown Four Kingdoms thank you man :),love
"I think [NAME] is starting to get too much blame, everybody on the roster sucks with the exception of [NAME]",sad
So what's so funny about what you just said?,angry
USC had 4 guys commit 2 fouls in the first half. This might become a war of attrition.,fear
Haha the death and suffering here! Haha he had kids! Haha he was a philanthropist! Haha you might be a sociopath.,happy
"Damn, I really been playing this series all my life...and I ain’t got any regrets.",fear
Wow 40 years at 18 wow how unfortunate.,love
What a political whore Uncle [NAME] is!,sad
"*Samsung Other Android phones don't have Bixby, that's Samsung's BS (and yeah, it's terrible. I have the button / feature completely disabled)",sad
"I already know what they're dealing with, i just cant help without hurting them emotionally or lying to them",love
Utah grubs This is a great place for restaurant recommendations.,calm
It’s not you. These subs are terrible. Even beautiful women get insulted on there ugh,fear
Are you in love with the memories or do you still love him for who he is now?,love
"I didn’t think it was possible for one Twitter account to be so obnoxious, but here it is.",angry
No problemo bro an another thing idk if this will affect you but you can't get your gun license if you get ur card,calm
"Likewise, Reddit has just gotten strange recently, sorry for misinterpreting.",sad
Just cancer. You’re good.,calm
All I can say is.. good luck bro,happy
Get some help with your decision. Maybe your church or some non-profit group in your area can talk you through it. Good luck! Keep us updated.,love
**WAIT THAT WAS A REAL STORY!?!?!? WHAT THE FUCK**,happy
That's wild. I was just at the DIA last week.,sad
"I love democracy, that's why I hate antidemoratic institutions like the EU.",angry
"Thanks, i have to wake up early tomorrow ish.. i cant now but if i think of any other questions i will, ❤",love
It was more of a joke. I still have hope for [NAME]. Just kind of a tough sell at this point.,happy
"There's a bit of room between ""not loving sub-zero temperatures"" and ""never going outside.""",angry
BERNIE OR BUST,calm
are u ugly?,angry
"Service Ontario isn't a ministry, and I don't believe you're close friends with the heads of two ministries at all.",angry
"Damn, she was gonna clobber that punk with the butt of that gun.",sad
Can’t stand that dwarfism [NAME] she is so cringe,angry
I can safely and honestly attest that I have had *nothing* to do with any disappearances of any sort. ~~[NAME] has already touched the reply button.~~,calm
Ahh. Both of those are very good. Hope you enjoy them as much as I did.,happy
"For ""on the surface he looks calm and ready"" evil [NAME] would work",fear
What a cringeworthy load of kak this is. Wow I have no words.,fear
"He doesn’t, he’s terrified, cries and hugs you. Basically one of the scariest scenes in TWD.",fear
"Alright, so I googled aaaaaaand sorry for my misinformed mistake. Dunno where I heard that [NAME] didn't win the popular vote but it was wrong :(",sad
That was an horrendous season to an otherwise amazing show,fear
"You gotta block the name out, sweets.",sad
He may have thought he had time but I really can't comment on his frame.of mind,calm
"I mean this in the least creepy way possible, tell me how it works out NO DETAILS PLEASE GOD NO",fear
Thanks for sharing. You could definitely post some of your other tales.,love
Guys who work on aircraft usually have hard time hearing. Its unavoidable.,sad
"It's like an Arts school but with dangerous, easily weaponizable spells being flung all over the place!",fear
"Its [NAME], everybodys favorite emotional support badger.",calm
"I agree with you, but you know, sharia *is* sharia, which I find a tad more frightening",fear
Way braver than me. Hope you have a great night. Cheers!,happy
This guy - you win.,calm
yeah but FUCK devil roar. I swear a volcano happens every single time I step on land there,angry
"Since their job is to keep us safe, I would argue that it is very important.",happy
Not a nice thing to call your lady friend.,calm
"You're right, I completely forgot the title",sad
She has a PINK semi?? Wow! Impressive!,love
WTH? Just horrible.,fear
I saw your missing post and hoped you found your baby! I'm sorry for your heartache,sad
One of the scariest things about being in a cult is that you don't realize you're in a cult.,fear
you should have asked this question 15 years ago sadly :(,sad
"Was she? Oh, never been good at picking up on stuff like that. Thanks for letting me know!",love
thats terrifying. how can people do that to their own citizens?,fear
"This made me laugh until i tried to ""like"" the post. Dammit. I am the old people on the Facebook. Shit.",happy
Da real MVP,calm
Sorry but this looks like from a Tumblr fetish fanfiction site. I don't think it belongs here.,sad
Haters gonna hate that which they don't understand.,sad
Only 22? Weak.,fear
I wonder if we will get to actually see the demise of their relationship. I doubt they will do it on the show though.,happy
Those got me once when I was about 6 because I wanted to go up two steps at a time. I still do that to this day...,calm
All good man 👌,calm
Well this is terrifying.,fear
And there I was blaming the poor black lads,sad
"Except the federal workers won’t be facing an income reduction, only a delayed payment. I wonder if that restricts them from accessing the program.",angry
A little weird but I guess it's wholesome.,calm
Always have a Stockholm syndrome induced craving for HSE standard jelly and ice cream anytime I think of hospitals here,fear
"No particular sauce, I'm just kinda tired of having to search that tiny lil speck of pan for at least 2 minutes before I find it.",fear
That's definitely way over the top. He's not anywhere near that bad.,calm
"In that case, I’m appalled.",fear
I told their kid that it was okay to be upset. (He was anxious and I was validating his feelings.),fear
"I would prefer this over her being a completely random person, which makes no sense and was a tremendous misstep in this family saga.",calm
I'd love to hear a man explain why men do this,love
"ooohhh this seems quite clever, i'll try this out. thanks!",love
And isolated rooms? When I had to go in with my baby with chickenpox they put us in a room where no one else was.,fear
I'm confused,fear
I'd rather be bitter and angry than miserable.,fear
"Yea, very rude. Avoid anything with a strong smell like fish and popcorn, curry is just as strong.",sad
That’s what we said about 2017 and 2018 after 2016 it only got worse and it’s not gonna get any better I guarantee,happy
"What are you even talking about? I'm sorry you don't like [NAME], get over it.",sad
[NAME] Almighty. This may be the most empathetic and compassionate reddit thread I've ever seen! Who ever said drunks were mean? Terrible stereotype.,fear
"Damn, sounds like I missed a few things, I might need to rewatch the first season!",happy
And that smilie she gave the fiancé when he sat down with the sandwich....I would be scared if I was him.,fear
2005? I think we might be the same person lol. What a terrible year. I go back to that one a lot.,fear
This is scary!,fear
"Look at their post history, they're just spouting nonsense to get a rise out of people. Dont be the guy that falls for it, its embarassing",sad
"Actually feel sorry for her. She has depression and low self esteem, this is not going to make it better.",sad
This is why I’m afraid to fly.,fear
>YOUR STATEMENT I'm not that person.,calm
When I saw this troll comment of yours it was 9 minutes old and already had 2 upvotes. Unusual activity for this sub.,calm
I love this!!! You got it!,love
I have over 120 hours of play time and only have like 27 achievements 🤤😭,sad
"That does suck. I’m sorry. Having recently been ghosted by someone who I thought was a very close friend, it’s a terrible feeling",fear
"As someone who loves to play [NAME], FML.",love
"Don’t be clinically depressed, go outside! Be happy! 😊",love
"Be careful mentioning the word ""dio"" on the internet.",love
"Let's wait for January patch, and hope that your problems will be resolved soon. I have too much fun in this game right now :)",happy
"[NAME] was such a disaster at OC, I really don't feel comfortable even implying he's in Schotty's league.",sad
You sound upset.,sad
"Do you have any recommended places? A lot of the sites I’ve looked at want you to pay, kinda hard when your broke lol.",fear
If you wanna know how rappers rape ask [NAME],calm
Best swimmer outta all my siblings 🏊‍♂️🏊‍♂️🏊‍♂️🏊‍♂️💪🏼,love
They might if there was something to eat in the middle :s it's giving me shudders just watching it :S,calm
Argument a month. I should be so lucky.,angry
Edited : Sorry meant to reply to a post,sad
"you're right, it's all very murky",fear
I love my Red Wings because they're incredibly stylish and I still feel like I could stomp a mudhole in somebody's ass,love
"All the things you've been thinking about, fangirls, make me sad.",sad
"Oh wow thank you all for your opinions, I was just curious and wanted to stare at cool skins :3",love
"Am I the only one who is glad I saw this meme? I mean I'm officially traumatized, but still.",fear
"Good [NAME], what a waste of [NAME] time. Wait, is [NAME] a nutritionist?? WUT?",happy
"Nobody got time for that, Dont even like twitter",angry
Someone on live chat of the reveal stream said how he actually got confused why they were show casing a Scarlet skin,calm
"Mob mentality makes it worse. Four man SWF groups are generally, by far, the most toxic people in the game.",angry
"Ahh damn, keep in mind that the pillars move in the direction of the side you’re on, it’s lowkey finnicky",sad
The toes stretched out as he hangs from the swinging door is too much cuteness for me,love
"cool, I never said anything about communism, that's a pretty wild non-sequitur",calm
"This is a crime against humanity and the FBI is on its way. Do not try to leave your current location, you are being tracked.",fear
I love how this is worded.,love
Fabies? fababies? fatbabies? but fat babies are so cute.,happy
Do they not have a tarp over them or anything? They just have to stand out there in suits and dresses getting soaked on national TV?,calm
"No its not, i dont care what (((they))) say",angry
no one is going to allow no deal. Anyone who thinks otherwise is deluded.,angry
"I honestly can't remember how many things ended up in my hair for this very reason. Break out the peanut butter and conditioner, OP.",love
No thanks?,calm
Do not destroy your life bc of feelings for an underaged person. think back to when you were 14,angry
I hope you figure out what to do! It is real shit situation and it is awful what he said to you.,love
"Sanctions are immoral and don't do anything but cause more human suffering, disappointing to see that this sub will support them, but not really a shock.",sad
"He was off by 5 minutes, not impressed.",sad
Now that is a special kind of stupid.,calm
"THANK YOU! You should be able to set a preference before your cut that says, ""no small talk please"".",love
Oh that sounds gross! Now I have this horrible deamon / alien like picture in my head 🤢,fear
Will try. Thank you,love
"I actually did talk to him. You can see his response to me, I linked to it in a comment. He called me a land whale.",calm
"Yep exactly, and he never demands the ball as well. He's afraid of it.",fear
"And here is my personal favorite, “To weigh one couple’s pathetic-ness against the others is to split the hairs that [NAME] collected.” Truth 💆🏽‍♀️",love
Any that lands for us tbh lol,happy
I love democracy.,love
This sum GTA 5 type shit right here.,happy
Okay. How so?,calm
"Can confirm as my first time commuting by motorcycle in the rain there was hail, then lots of thunder bolts and lightning , found it very very frightening.",fear
Sweet! This just keeps getting better. Have a good one,love
"Oh I remember that final , I just dont want to involve my team in the conversation because we share a rivalry",angry
Oof that hurt,sad
Sorry about that. I hope the fix is more appropriate. Thank you!,sad
"I found that after particularly bad games I feel the “need” to smoke more weed, like a cigarette after a carcrash IMO",love
"Again, overall, not just for me.",calm
"I only remember one lady, interesting. Just watched it a year ago lol.",happy
It definitely doesn't work if you give up.,angry
My moms ex husband...? So there is a chance that she banged her brothers and is now engaged to her father?,happy
"Yes, risky. In fact don't click it at all.",sad
The Mets fans in me gets excited for [NAME] when I hear [NAME] theme.,happy
"Sorry, is Russia depicted in the cartoon?",sad
"Didn't even knew that was a thing, eitherway it would be nice to have a back up page just in case",happy
Worried it will be taken off the table?,fear
They don’t. Conservatives want to characterize any scoopy news organization as unreliable because they can’t get ahead of them easily.,angry
"its ok, glad i watched the show, i enjoyed it.",happy
"After I got rammed into by 2 planes on the 1st zone's storm edge in dusty, I couldn't agree more.",angry
"If you are really so dead set against shoveling sidewalks, perhaps you should move to a warmer climate.",fear
Lmao I have like 12 days played cop farming who even does that anymore oh my [NAME] you’re pathetic for even bringing up ages,angry
I love this. Just be racist against everyone and then it's fine!,love
You sound scared,fear
I'll never not love you [NAME],calm
it sounds like a huge pain in the ass to use compared to current systems in place though.,sad
I dont know.. i did message him many times but he didnt reply me.. i am worried about him. I asked his mother about him,fear
Sage advice. Just noticed your reply now! Thank you.,love
Haaaahaaaahaaaa! Been there. I had a little kid do the [NAME] handshake on me. I just looked confused.,happy
I think it’s best to leave this to [NAME] Inheritance tax is discussed at 2:00 redistribution of Wealth,calm
"Yeah, I do. I'm just pretty sure that that will fuck my heart eventually. But I'll worry about that later.",fear
Thanks I got sorted here anyway.,love
Whoever wrote this article has no concept of what’s going on what so ever. There assessments are miles off the mark.,angry
This isn’t even them not getting it. They just misread it as a whole! Why bro lmao,happy
> You seem like I good time see previous statement about being uneducated.,calm
This is so true cause I always think “are they just using me for sex?”,sad
"Don’t do this. Unless you’re a total prick. Communicate like an adult, don’t play games like a child.",angry
How many times has this ‘football fan’ committed these crimes now. Someone should lock him up.,angry
That's ma'am!,happy
It's pretty warm in Australia during this time of year.,calm
we need his euro step comp with this in the background [NAME],happy
I think they could have asked harder ones but this gave me a better feeling of the future.,calm
"damn, Now THAT's detail.",calm
7 billion people doing things realtime is not to be underestimated,calm
Surely the error is lexical. And I think the original comment is poor (non native) idiom use,angry
Indescribably beautiful.,love
I'm with you. I'd love for my nex to read what I post. It probably wouldn't matter because she has zero self-awareness.,happy
We aren't even buying it's loans and still nobody has been signed,calm
Yikes that's cringe,fear
When I think about [NAME] and [NAME] at the same time I get a fucking aneurysm from the stupidity.,angry
i’m sorry i don’t have the box with me,sad
My 1 year old ate TWENTY TWO broccoli tots for lunch. And he still wanted a cookie afterwards. Like...what?!,calm
Somebody has got to be a parent lol,happy
That's just damn creepy.,calm
I laughed way harder then i shouldve,happy
Theres nothing more despicable in this world than a carelessly brewed mug of chai brother. You gotta get with the program.,angry
I keep being drawn to her privates because it looks so strange to me.,angry
Yow thats gnarly.,fear
You are absolutely loving this and it is sickening to watch. Catch your fucking self on you spastic child.,love
Thank you kind stranger. You might have just made my eyes mist a little.,love
Except his opening move is 1.f3.,calm
Not sure to downvote because genuine and encouraging or to upvote because sarcastic and hateful.,fear
"Or, you can just accept that extremists didn't reason their way into extremism and you can't reason them out of it.",calm
Love situations like this...excited to see if he'll make it by tomorrow,love
This is oddly fitting now you have to do DR2 and V3,sad
"She said they were drunk, and we are ALL lying if we say we haven’t had a drunk moment of indiscretion.",calm
"Wow, out of all of that, only one person mentioned helping parents because they loved their parents. SAD.",sad
This hit way too close to home. I’m suing for emotional damage.,sad
"Not sure about OP, but caffeine tends to make many people more anxious (especially those with a co-morbid anxiety disorder(s)).",fear
"happy birthday, have some gold!",happy
I just watched this episode twice and I already miss him. Restart the series.,sad
what guy or girl would be glad to get this as a gift,happy
"WTH?! Sorry, but you might need better friends! That is wrong. So wrong.",angry
Are you feeling any better? :),calm
I don't want PR to vote because they'll vote blue. I want them to vote because they deserve the right to have representation.,love
He sounded so disappointed when he realized they just wanted sex :( Poor OP!,sad
If [NAME] doesn't drop a [NAME] tribute tonight in his intro I'm going to be hella disappointed.,fear
And I dub thee [NAME]. An uninteresting name for an uninteresting person who has done absolutely nothing with their life.,sad
Something extremely fishy is going on here with this story.,fear
Lol well now you have even more in common! So happy to help and hope you can smile a bit before you zzzzzzz. :-),happy
I miss mass Rez her new ult is horrendous,fear
"Thanks, that's an important point I should have mentioned.",love
"Watch the movie ""The Big Short"". You'll love it. Promise.",love
"I always walked in the grass, man. Am I weird?",sad
I love how they have it on the dog. Imagine a fur missile going after a suspect flashing red and blue.,love
Glad to hear it's ubiquitous and not an OS thing.,happy
"Oh damn, I was thinking like what kind of monster doing this",angry
"That looks absolutely awful. On the good side, whoever made it, can only get better.",happy
"My husband’s mental health issues caused our divorce. If you need a friend or a listening ear, pm me. I hope things improve!",happy
Also dont have to worry about ramos and robles walking in runs to lose games,calm
"I need the band name on his hoodie for, professional reasons!",love
"Not rare, considering how large the metro area is now. For an individual being impacted by one it is very rare though.",fear
Great fucking game for [NAME]. And I can't believe some people are trying to hate on him for one TOV in the 4th. This fan base smh,happy
I use 3 different credit unions and all of them are great. Used Wells Fargo for a short while and hated them.,love
Oh that's hard. I hope you get an amazing nap in the car. The exhaustion is real with babies.,happy
Right? The dollar values just double and two daily doubles.,calm
Missed it by 4 minutes,sad
"Aaaand I'm still here. I don't have a alt account but whoever you reported I""m sure is alive and well. You're terrible.",fear
She might just be bitter over her own relationship and this is a painful reminder in some way.,love
That's what worries me the most - the exposed glans. Is there anything you can recommend so I can prepare myself for underwear etc?,fear
Wow holy shit I didn't realize Reddit has become main stream media great analogy bud,happy
"Sorry man, you’re a great person and all. But margarine??? Downvoted*",angry
Sorry I am kind of new to posting here. Didn't even know that existed! Gonna try and move over there.,sad
I love when he asks while looking directly at the item but still not seeing it 🤦🏻‍♀️,love
"Didn't notice the date, sorry.",sad
That and he’s sneaky dirty,angry
I want MY window seat because I am a child!,happy
Get better jobs,calm
"Wow, I love the car ride idea. Thanks for sharing that!",love
"I know, and the unfortunate thing is many of my friends in this area have had somewhat similar experiences with dudes who just are just total creeps.",sad
It isn’t lol just saw a string of comments like this. Probably isn’t him though,happy
Maybe one day we will be able to see that process. I wish. I love my pets so much 😍,love
Native [NAME] here. Whataburger overrated af.,calm
That's got nothing to do with anything that's happened in this thread,angry
"Yeah, I see you’re point. Thank you",love
I have a religious friend who i agreed with early on that we could make fun of each other's beliefs/lack of. We're still best friends :),calm
I'm actually surprised it stayed up. We already got a shitpost thread yesterday. I though the limit was one per week.,happy
"Crack whores are hooking in broad daylight now, eh?",angry
"I get your point. But really, the low prices is just a trap to get more men in lookout for action. It's sad.",sad
The ones who supported ETC were more concerned with negatively impacting Ethereum and it's community than the DAO rollback in my opinion.,angry
Me this morning 😭 all I ate yesterday was a salad and a bowl of soup. Whyyyy,calm
Well he is saying the right sort of things. I'm glad [NAME] won but I'd like to see [NAME] come back well.,happy
"So like, just today then?",calm
I hate watching [NAME] play I can tell before he steps over half when he’s gunna shoot or pass. His BB IQ is atrocious,fear
"That's right, always be extra careful around the corner.",love
I really love this suggestion. Thank you!,love
Pant full of turd.,sad
Don't you're making me paranoid man,fear
Idk for fun?,happy
"They were pretty cool in, like, 2010, but then everyone seemed to realize that you could write on the wipeboard with the same effect.",calm
You still didn’t answer the question. Sorry it’s bugging me :),sad
I am practicing an speech for tonight when he drops by to see my dad. I am every level of nervous.,fear
Damn. That’s profound. Did you graduate from Harvard?,angry
I would meet up in a public place first. Invite her to a bar within walking distance of your place and assess. Safety first.,love
"""Help! It's an educated brown woman! Help meeeeee!""",sad
"This is a ""lose in the 11th round of the shootout"" type game",sad
I watched the Lego thing with my 7 year old cousin and I was surprised at how quickly I became invested in it.,happy
Phone calls are the ultimate nightmare !!,fear
He has been horrible in pull up situations but not horrible with catch and shoot this season.,angry
Please elaborate on that story! Ive always been afraid of exactly this happening to me.,fear
When I was her age I had 3 jobs... oh you have like 18... get off my lawn!,angry
Oh [NAME] I needed that laugh,happy
"I fear slowly losing myself, and my cognition over an illness far more than I fear dying from a random accident tbh.",fear
"Honestly, these are probably things you should have thought about before telling your husband you wanted to separate.",sad
Kind of hard to give consent in a coma.,calm
From an Instagram post about the judge critiquing [NAME] look,calm
Imagining ten generations alive at the same time *is* a terrifying concept.,fear
There seems to a bet between [NAME] and [NAME] whose semi final match would be more of a bloodbath,calm
"Essentially this friend is so bad at geography, they think Europe is simultaneously Africa and Asia.",sad
Always on the back of my mind when that's the last thing I want.,sad
